id,url,language_score,token_count,text_length,text
<urn:uuid:189514cf-784a-4e9f-9e8e-f350c5a41adf>,https://www.townsquareapp.co/,0.8992836475372314,203,899,"Welcome to Harrisonburg TownSquare.
TownSquare brings together all your favorite local shops and makers in one cozy corner of the internet, so you can support your neighbors and find something truly special every time you shop.
Proudly built right here in the Valley, TownSquare is more than just e-commerce—it’s community-powered progress. Let’s grow together!How to Shop TownSquare:
1. Browse local shops
Shop our collection of hometown favorites. Everything’s made or sold with love right here in "
<urn:uuid:9d2f701d-48f5-418f-a8e2-d5b2d51aad36>,https://www.traact.com/blog/the-art-of-effective-board-reporting,0.9426976442337036,2717,15150,"The Art of Effective Board Reporting
Sep 5, 2024
Board reporting is a cornerstone of corporate governance, serving as the primary channel through which the board of directors gains insight into the performance, challenges, and opportunities facing the organization. These reports are not mere formalities; they are essential tools that enable the board to fulfill its fiduciary duties, guide strategic direction, and ensure the organization remains on course to achieve its long-term goals. Let's exa"
<urn:uuid:ccb16b4e-f301-480c-9231-33f6e823eabe>,https://www.tracydixonmindandbodyfit.com/post/2019/08/28/i-wanted-to-be-around-for-my-daughter-when-she-grew-up-i-knew-i-needed-to-make-changes,0.9871438145637512,555,2512,"Belinda's journey and transformation is a real triumph over so much personal stress and pressure. I have a huge amount of respect and admiration for Belinda who has kept going despite all the setbacks... an ordinary woman with extraordinary passion and persistence.
I am so happy to have met you and to be part of your journey. You have achieved so much and continue to do so every day.. a real inspiration to me and many others...Love Tracy x
‘’I have struggled with depression and stress most of my"
<urn:uuid:42451264-d511-45ac-8afb-d27558b16a33>,https://www.transportdirectory.org/items-that-allow-the-use-of-embroidery-in-olathe/,0.9762069582939148,469,2141,"Many people purchase plain shirts or other clothing items so they can later add embroidery and designs to them. They want to personalize their own items to make them more their own. Embroidering items is also great for adding team logos, business names, and more. There are many items that allow the use of embroidery in Olathe.
Shirts – One of the main clothing items often seen with embroidery is a shirt. This is an easy item to embroider because of the material. It is soft and easy to sew onto. "
<urn:uuid:b3df7fbd-18f6-4bab-b074-969a3f6425c5>,https://www.travelchinaguide.com/package/5-days-in-beijing.htm,0.9466993808746338,1496,6327,"Beijing Itinerary 5 Days: What to See & How to Plan
Day 1: Tiananmen Square, Forbidden City, Jingshan Park, Beihai Park, Wangfujing
You may go first to Tiananmen Square and Forbidden City, for they are the best-known landmarks in very city center in Beijing. Taking subway Line 1 to Tiananmen West/Tiananmen East station, or taking Line 2 to Qianmen station, you can get there. Multiple city buses could take you to the place as well.
Walk through Tiananmen Square to the north, you can get to the wo"
<urn:uuid:a3251d97-2ae9-4371-bfdd-9d2cc01458c9>,https://www.travelfortravellers.com/2017/08/5-reasons-visit-hong-kong-taiwan/,0.9077122211456299,1440,6332,"The enchantment of Hong Kong is undeniable: city wonders, a glimmering harbour, and upbeat energy fill the city. Just over 700 kilometres across the East China Sea in Taiwan lies an otherworldly landscape of mountain villages, rushing rivers, and Confucius temples. From cuisine to landscapes, here’s what you can expect with a visit to Hong Kong or Taiwan. Why not just make it both?
Hong Kong: Dim Sum + World-Class Restaurants
Hong Kong is considered one of the top culinary destinations in Asia, "
<urn:uuid:41493774-e601-412c-9fde-d2f527278162>,https://www.travelwithjan.com/america2007yahja,0.9031286835670471,768,3317,"Yahja: ""Jan the Survivor""
January 5, 2007
Dear Family and Friends,
Hat Co...Sa Qax,
Yes, I am a survivor!
So far on this trip to Centro America I have survived the four hour angry-bull-ride disaster of a mountain road to Caracol in Belize. By contrast the Guatemalan countryside highway this morning to Yahja was mostly almost Interstate.
I am surviving tacos, burritos, quesedillas, re-fried beans, rice and beans, fried bananas and the incendiary Chile Habanero.
I am surviving heat, humidity, a li"
<urn:uuid:cb615e69-29e8-4885-b1d1-11b350af86c0>,https://www.treatmyocd.com/blog/postpartum-intrusive-thoughts,0.9584670662879944,2985,14174,"Having a baby is often described as an exciting time filled with love, joy, and new experiences. However, the reality for many new parents is more complex. Yes, there are beautiful moments, but there are also sleepless nights, overwhelming responsibilities, and a pressure to get “back to normal” almost immediately. You’re expected to settle into parenthood and carry on as if you haven’t just experienced one of the most physically and emotionally transformative events of your life.
Postpartum dep"
<urn:uuid:e02c7abb-04b3-4419-8204-d7cf277d885d>,https://www.trinitylandbuyer.com/,0.9538120031356812,921,3940,"Do You Need To Sell Raw Land in Florida and Throughout the USA That’s Just Sitting There Costing You Money?
Turn that land into CASH now!
If you need to sell your property for any reason we can help you. We are a private real estate acquisition company and we buy land. If you have land or acreage that you need to sell fast we are interested in buying it!
Can you relate to any of the following questions regarding your property?
- Did you have plans to retire in this area, but changed your mind an"
<urn:uuid:7ca6c2aa-562e-452f-b5b6-2015eeb908cb>,https://www.truckandcar.ca/,0.9519042372703552,392,1824,"Find Your Next Vehicle
Ask the Seller for a CARFAX Canada Report
What is a CARFAX Canada report?
- CARFAX Canada provides comprehensive vehicle history reporting in Canada
What does CARFAX Canada tell you?
- Whether or not the vehicle was in any reported accidents
- Where the vehicle had been registered
- Whether or not the vehicle is a U.S. vehicle and imported properly
- Odometer records
- and more…
Why ask for a CARFAX Canada report?
- Without a vehicle history report, you really do not know "
<urn:uuid:a06925a0-da64-4aa1-a75c-72daa7177ad0>,https://www.ttsportscomplex.com/service-page/motions-cheer-dance-clinic,0.9510682225227356,128,524,"Saturday June 17, 2023 - 11:00am - 1:00pm
This is a 1 day, 2-hour clinic designed to improve the movements and choreography needed in Cheer and Dance. We will be going over all the different cheer motions learning several cheers and learning a few 4-5 8 count dances.
TT Sports Complex bookings are nonrefundable. If you are unable to make your rental time, class session or other bookings, please email firstname.lastname@example.org to to receive a credit to reschedule at a later date. Credit must"
<urn:uuid:e939f6fb-bd6b-4a2f-96b0-ce384a814bfb>,https://www.turpin-co.com/obituaries/kalynn-wilson-harris,0.9637457132339478,602,2657,"On November 30, 2023, Kalynn Wilson Harris passed away peacefully after a long battle with cardiovascular dementia.
Kalynn was born October 6, 1940, in Stuttgart, Arkansas to Katherine Rasco Wilson and George Wilson. Kalynn had two sisters, Joan Wilson Rodgers and Nancy Wilson Tullos, who rounded out her loving family.
Kalynn attended Stuttgart High School where she played basketball, was a majorette, and became the second ever Queen Mallard to preside over the World Championship Duck Calling Co"
<urn:uuid:00b4bf91-ecf6-40b6-b77a-f58b7dafc54d>,https://www.ubuntumade.com/how-to-find-a-reputable-online-lottery-site-2/,0.9680615067481995,618,3123,"Online lottery is a game of chance where players purchase numbered tickets to win prizes. The jackpots can be very large, but it’s important to remember that these games are not without risks. Some people try to take advantage of those hoping for a big payout by selling fake tickets. The best way to avoid this is to do a little research before paying for any lottery ticket. Taking the time to find a reputable site will save you money and help prevent scams from happening to other people.
The leg"
<urn:uuid:bfb36ad3-3c1c-4f1d-bd6f-e9dbfc061ea8>,https://www.uc.cl/en/news/unveiling-the-origins-of-the-mapuche-genetics-and-language-provide-clues/,0.947609543800354,1227,5991,"Unveiling the Origins of the Mapuche: Genetics and Language Provide Clues
South America was the last corner of the continent to be populated. Who are its ancestors? How did they interact with each other? These questions have been raised by an international team, including the UC Chile School of Anthropology and Center for Intercultural and Indigenous Research (CIIR), in their pursuit to uncover the origins of the Mapuche, Chile's largest indigenous community.
About 15,000 years ago, the first mi"
<urn:uuid:6e641693-5a2e-46c0-a325-9884fdb6d67b>,https://www.uchealth.org/provider/paige-schwab-pa-c/,0.931230902671814,194,967,"As a physician assistant, I enjoy the surgical and clinical responsibilities that positively impact our team’s approach to patient-centered care. The most rewarding aspect of this field of medicine is the satisfaction gained when our work helps patients to see themselves as beautiful, strong, and confident. I believe my job as a provider is to empower patients to be the best they can be through their health, wellness, and spirit.
I enjoy traveling, sports (Wreck ’em Tech and Rock Chalk Jayhawk!)"
<urn:uuid:d41ab2b2-e9e7-4a3c-87c1-097074e34ddb>,https://www.udemy.com/user/aaron-cloutier-4/,0.9830366969108582,403,1957,"Aaron Cloutier is a musician, composer, multi-instrumentalist, producer and educator.
For the last 20 years, Aaron has dedicated his life to his professional musical pursuits and has refined his expertise in the Metal, Rock, and Pop genres.
Beginning as a guitar player at the age of 16 with roots in Thrash Metal, Aaron has expanded his playing to adopt influences from Jazz, Folk,Progressive Rock, Classic Rock as well as elements of Shred and even World music.
After one year of private music less"
<urn:uuid:0996a9ee-066f-4645-8a31-04baafb1b4c6>,https://www.uhhospitals.org/blog/articles/2018/02/microtears-and-mass,0.9412000179290771,706,3119,"How Microtears Help You to Build Muscle Mass
February 05, 2018
It seems counterintuitive to purposely injure yourself during a workout, but that, in essence, is what you must do to build muscle mass.
That doesn’t mean you should reach for the heaviest barbell at the gym and attempt 100 repetitions daily, orthopedic surgeon Michael Karns, MD says. Instead, it’s important to understand how these tiny injuries to muscle fibers, called microtears, help athletes build mass.
“Microtears are what happe"
<urn:uuid:58da9bd8-c1fd-4cd0-a209-461ef9d26963>,https://www.unemed.com/news/unemed-signs-adapt-ip-ventures-to-broker-patent-deal,0.9448578953742981,387,1868,"by Charlie Litton, UNeMed Communications
OMAHA, Neb. (June 10, 2013)—UNeMed Corporation will expand its reach in developing and discovering new partners for technologies invented at the University of Nebraska Medical Center (UNMC).
UNeMed, the technology transfer office at UNMC, announced today a new collaboration with patent brokerage firm Adapt IP Ventures.
Adapt IP Ventures will help UNeMed license a patent invented in Nebraska that teaches methods for effectively growing high-yield protein c"
<urn:uuid:7500849e-d63e-44ab-a058-a1b869b855e3>,https://www.unemed.com/product/intubating-tongue-retractor,0.9008600115776062,491,2097,"New intubating tongue retractor makes intubation easier
Ben Boedeker, M.D., PhD, D.V.M., M.B.A.
Airway intubation, the procedure where an inserted tube assists a patient to breathe, can be complicated by the patient’s anatomy, lack of mobility in the neck, and trauma in the mouth and throat.
UNMC physician Ben Boedeker developed a novel tongue retractor with a wider working blade and a more ergonomic curve that helps manage complications during intubation by immobilizing the tongue and facilitat"
<urn:uuid:c7f4a7cb-24df-493f-a1f3-e54b0e637ba0>,https://www.unhcr.org/ke/news/unhcr-celebrates-strength-refugees-and-host-communities-world-refugee-day,0.9447453618049622,462,2439,"UNHCR celebrates strength of refugees and host communities on World Refugee Day
Today, on World Refugee Day, we recognize the courage and strength of refugees in Kenya and around the world. Forced to leave everything behind, we celebrate refugees’ cultural diversity and commend the solidarity by governments and host communities.
On this important day, we aspire “for a world where refugees are welcomed”. With more than 120 million people now forcibly displaced from their homes around the world, s"
<urn:uuid:e5cbbff8-e7e2-4d75-98a3-6014ebb19635>,https://www.unitedstatesofganja.com/2025/01/22/exploring-the-thrill-of-online-pokies-in-australia-top-casinos-and-games/,0.8811015486717224,1533,7533,"Exploring the Thrill of Online Pokies in Australia Top Casinos and Games
Experience the thrill of pokies online like never before! Whether you’re searching for real pokies or the best online casino Australia, we’ve got you covered. Dive into the world of online pokies real money and enjoy top-rated games at your fingertips.
Looking for online pokies australia real money ? Our platform offers the most exciting and secure online pokies experience. Join the best online pokies Australia community to"
<urn:uuid:b49ba921-1861-4e0f-94a9-c7560fb1b274>,https://www.unr.edu/nevada-today/news/2020/atp-covid-19-disinfectants,0.939690351486206,1348,6397,"We get used to the new normal – sanitization – in the COVID-19 world. Every day, we apply various chemical disinfectants in our homes, offices and classrooms, aiming to kill the novel coronavirus on high-touch surfaces. The novel coronavirus has been found to remain viable on hard, non-porous surfaces for hours to even days. To date, the U.S. Environmental Protection Agency and regulatory agencies in other countries have published lists of recommended cleaning products for use against the virus."
<urn:uuid:aaf1c043-9be4-44f3-b253-cddf1dc1f16e>,https://www.untappedcities.com/cities-101-what-are-those-green-mailboxes-in-nyc/,0.9535372257232666,322,1414,"Yesterday, an Untapped Cities reader contacted us asking us what those mysterious green mailboxes are on the streets of New York City. The mailboxes are known as relay boxes in New York City. Luckily for all, our favorite book The Works: Anatomy of a City by Kate Ascher has a little section on it. Asher writes in “Relaying the Mail”:
Familiar destinations to most New Yorkers, over 8,000 blue mail collection boxes are spread out across the city. Less familiar are the olive green ‘relay boxes,’ wh"
<urn:uuid:bf2e4bb9-768e-4271-a9f0-aafb0f1893c1>,https://www.untappedcities.com/nyc-vs-paris-many-statues-of-liberty/,0.9577980041503906,926,3999,"Welcome to a new short series highlighting the many surprising art and architectural finds that are located both in New York City and in Paris. In honor of the 127th anniversary of the Statue of Liberty dedication, we’re starting with this iconic symbol first. While the statue on Liberty Island is the most famous, it is far from the only one in existence.
The Statue of Liberty (officially Liberty Enlightening the World) has always maintained a connection to its native France. It was dreamt up by"
<urn:uuid:e7292d85-ff20-405e-b8fc-b0a6d5f3b121>,https://www.vancouverclub.ca/posts/hotel-rooms-reservation-guide-website,0.8878207206726074,534,2522,"The following online reservations are available through your member website: Club events, à la carte dining and hotel rooms.
Your website also includes information for booking additional Club services for which online reservations are not currently available. Simply navigate to the page corresponding to your desired service and follow the instructions provided.
Please note that Club event, à la carte dining and hotel room reservations made prior to the website launch will be automatically carrie"
<urn:uuid:b2ac85ee-9d6e-4348-acbf-2fbf6332e81f>,https://www.vegard.net/the-case-against-nuclear/,0.945019543170929,1470,6615,"The Case Against Nuclear
First of all, let me get one important thing clear: I’m not going to pretend I’m an expert on this fairly complicated subject. But it really doesn’t feel like you need to be one to see some of the issues with nuclear being portrayed as a massive silver bullet.
We have a problem that needs to be solved: The world’s energy usage is ridiculously high - and increasing. As poor countries climb out of property, their energy usage goes up. For many of these countries, the main "
<urn:uuid:23159f13-6c29-4ff1-b8bf-44e543a6aa96>,https://www.vetmeduni.ac.at/en/fundraising/your-donation-for-our-animal-hospital,0.887206494808197,97,460,"Your donation for our animal hospital
Your donation goes directly to the treatment of the patient's animals, the high-quality clinic equipment (such as the most modern devices for tumor treatment) - thank you very much!
The animal hospital of the Vetmeduni with its five university clinics is available to you and your animal all year round and around the clock.
University of Veterinary Medicine, Vienna
IBAN AT43 2011 1800 8098 1000
Purpose ""Animal Hospital"""
<urn:uuid:28b798d3-7575-4939-87f6-31f58911c1da>,https://www.vianode.com/news/burkhard-straube-joins-vianode-as-new-ceo,0.9503102898597717,885,4127,"Burkhard Straube joins Vianode as new CEO
Vianode, a Norwegian producer of advanced battery materials with a greener footprint, is excited to announce the appointment of Burkhard Straube as Chief Executive Officer, and Hans Erik Vatne as new Chief Operating Officer. Both leaders bring extensive experience to Vianode, as the company is delivering on its growth plan.
Burkhard Straube is currently the President of the Graphite Solutions Business Unit at SGL Carbon, a position he has held since 2015"
<urn:uuid:58177324-6ee7-40dd-897b-4dd5f17eb070>,https://www.vikas.sh/post/vision-for-ai-web,0.9078100919723511,2214,9860,"I’ve been using the internet for more than 2 decades. Websites have evolved from static HTML and CSS to rich, interactive experiences. But the core navigation and usage of the web has stayed the same - we all mostly use Google to discover and browse information.
I think that the next version of the web will be based around large language models (LLMs). I browse the internet to perform tasks - examples are learning a new concept, or researching the best daycare for my kids. With the current web, "
<urn:uuid:c047bdbf-dfe3-4881-afee-247b4619b3c7>,https://www.vikings.com/news/coordinators-address-the-media-on-thursday-14558219,0.9920177459716797,4094,17252,"Vikings Offensive Coordinator Norv Turner
Q: Can you talk about how the offensive line has been able to patch things together these last couple of weeks?
A: I think it's been a real challenge. I think Jeff [Davidson] has done a great job, Jeff and Hank [Fraley] have done a great job of getting those guys ready to play, getting those guys ready, the backups ready to play even when they weren't starters. I think being at home has helped us the last couple of weeks, being at home and being able to "
<urn:uuid:8131d644-386c-4071-9a6d-76c73b06e9e2>,https://www.vintagewinemerchants.com/products/2019-kathryn-kennedy-cabernet-sauvignon-estate,0.8784647583961487,189,837,"93 Wine Enthusiast - The region's forest-like qualities show on the nose of this bottling, where hints of sandalwood, cigar box, oregano and thyme add to the dried red-fruit aromas. The palate offers a dark blackberry jam core, with peppercorn and marjoram adding nuance.
Controlled sophisticated nose with black cherry and mocha powder…Very subtle presence of French oak in the complex yet medium intense aromas. Completely free of sharp edges. Fresh entry like cool water, repeats the bright cherry"
<urn:uuid:713ca1ce-a3f5-483f-a31f-1b939d16ccc7>,https://www.vintti.com/industry/food,0.9047676920890808,349,1938,"Join 120+ Clients Who Trust Our Remote Staffing Agency
Why Should You Outsource Your Food Staff Needs?
In South America, there is an abundance of talent experienced in food. Outsourcing your food staff needs to this region not only provides you with skilled professionals but also offers cost-effective solutions.
Let us help you unlock the potential of your business by connecting you with the right talent.
Experienced Professionals in the Food Industry
We pride ourselves on connecting top-tier or"
<urn:uuid:d7d92aee-6ff7-42c0-b34b-bf731793f75a>,https://www.virginiahistorichomes.org/slot-casino-australia/,0.926100492477417,516,2364,"Slot Casino Australia
By choosing the right machine, slot casino australia you may be left in the dark until the morning. In this article, leaving you unable to benefit from bonuses.
Jackpot Machine For Sale
Pussy888 online casino | While its nice to think we could enjoy an infinite number of free spins, the odds of winning the grand jackpot are generally very low. |
How do you pay for online gambling | As you can see, in addition to the aforementioned. |
Online Casino: The Best new IGT Games of"
<urn:uuid:b4c871e0-e271-4dea-ba9d-c8885515d987>,https://www.visitarizona.com/events/lake-powell-sxs-extravaganza/,0.8969142436981201,373,1642,"Lake Powell SXS Extravaganza
Oct 10th – Oct 12th
- Time4:00 PM to 5:00 PM
Welcome to the Lake Powell SXS Extravaganza!
Get ready for a heart-pounding adventure set against the stunning backdrop of Big Water, Utah! The Lake Powell SXS Extravaganza invites you to explore two spectacular UTV loops, each offering a unique and unforgettable experience.
Choose your adventure on any day of the event:
Lake Powell Overlooks Loop: Marvel at the expansive beauty of Lake Powell as you ride along scenic trai"
<urn:uuid:9762ade1-d3ed-4a85-9297-dfac553d6b84>,https://www.visualistan.com/2021/07/the-35-cars-with-the-longest-production-runs-of-all-time.html,0.941741943359375,188,916,"Today, there are dozens of car models available to buyers, giving them several options for what they want to drive. In the automotive industry currently, 60 of the major auto brands are controlled by just fourteen global corporations. This infographic from the team at Alan's Factory Outlet shows the 35 car models that have the longest production runs ever. First introduced in 1935, the Chevrolet Suburban is currently the oldest, longest running car model at 86 years old.
The four other oldest mo"
<urn:uuid:820f3830-ac4f-47b3-93ff-1d0345110f5f>,https://www.vitarsis.com/?v=5c2a35ef64b8,0.8701760172843933,249,1266,"Unlock Your Inner Potential
Ready for meaningful change? Vitarsis equips you with unique tools and focused approaches to help you elevate your mindset, enhance your focus, and build the life you truly desire. Discover the resources that resonate with you.
Discover the science-backed secrets to rewiring your brain for success, abundance, and the life you’ve always dreamed of. This is your practical guide to unlocking your brain’s hidden potential.
Break free from limiting beliefs, overcome indeci"
<urn:uuid:5d763ab8-bfe9-43df-b032-1b716931f465>,https://www.vtcommercial.com/innovative-workplace-practices-rhino-foods-practices-what-it-preaches/,0.9758410453796387,409,2099,"Ted Castle, founder, owner and “Head Cheese” at Rhino Foods, https://www.rhinofoods.com/, has long been an advocate of finding and implementing innovative ways to keep his workforce engaged, healthy, happy, and productive. Though his company is well known for its frozen cookie dough, best tasted in Ben & Jerry’s iconic Cookie Dough ice cream, Rhino Foods has been an industry leader in ways that have been applauded not just in Vermont, but nationwide.
In 1993, Rhino Foods was faced with the issue"
<urn:uuid:31867f4d-0643-46e6-abce-832b70c5edb5>,https://www.vtmarkets.com/notification/v2023030801/,0.8927246928215027,129,559,"Notification of Server Upgrade – Jun 12 ,2025
Dear Client, As part of our commitment to provide the most reliable service to our clients, there will be maintenance …
The adjustment of DST will be commencing on March 12th.
Please consider below carefully: The trading sessions of some products on MT4/MT5 will be changed as follows.
Please find the table below for more information.
The above data is for reference only, please refer to the MT4/MT5 software for specific data.
If you’d like more infor"
<urn:uuid:1957cf5e-4eba-4228-bafe-0d7fd5ff18d2>,https://www.vutech-ruff.com/blog/listing/mls-215004787-261-east-gates-street-columbus-oh-43206/,0.9090204834938049,73,374,"Wow! Fabulous arts and crafts home with all new kitchen opened to dining room with new 42″ custom cabinets, granite counters and stainless steel appliances. beautiful oak and pine floors throughout, newer baths with custom tile flooring and newer windows. Nice yard with large red paver patio with 3 bedrooms plus extra sunroom. Large front porch and oversized 2 car garage."
<urn:uuid:94623bd5-e9d0-4d55-a16b-9b97cf9f1ec5>,https://www.wagehourlitigation.com/tag/call-center-representatives/,0.9463448524475098,93,333,"Authored by Robert Whitman
Charles Seward is “an IBM’er.” And in his wage-hour lawsuit against the company, no other IBM’ers will be joining him.
That’s the upshot of the March 9, 2012 ruling of Judge Vincent Briccetti of the Southern District of New York in Seward v. IBM. Judge Briccetti affirmed a decision to decertify a class of"
<urn:uuid:4a0921ae-d4ba-4cef-ae11-66d61d59368a>,https://www.war.cx/2020/11/12/estimating-one-sided-killings-from-a-robust-measurement-model-of-human-rights/,0.9204877614974976,219,1184,"Counting repressive events is difficult because state leaders have an incentive to conceal actions of their subordinates and destroy evidence of abuse. In this article, we extend existing latent variable modeling techniques in the study of repression to account for the uncertainty inherent in count data generated for this type of difficult-to-observe event. We demonstrate the utility of the model by focusing on a dataset that defines ‘one-sided-killing’ as government-caused deaths of non-combata"
<urn:uuid:5d944268-17ef-4818-a598-23a19c9c6de3>,https://www.waranrecords.com/,0.9034937620162964,154,786,"Businesses of all size rely on our systematic approach.
Experience our difference with data-driven approach.
Extend the life and transform your paper-based records into easily retrievable digital formats for enhanced efficiency.
Dispose of your outdated or confidential documents with our secure onsite and offsite shredding services.
We don’t just manage documents; we optimize your workflow, enhance security, and empower your business to thrive in the digital age.
Our records management experts i"
<urn:uuid:b9685821-bdaa-4bee-8206-e941910f11cf>,https://www.wardsteel.com/about-4,0.9791375994682312,245,1102,"Everett Gray began his career in the 1920's as a clerk at Fitzsimmons Steel Co. a cold-drawn bar mill in Youngstown, Ohio. Later on he moved into sales and, during World War II joined Warren City Boiler Co. which held contracts to construct ships for the U.S. Navy.
After the war, Gray went into sales for Edgar T. Ward's Sons Co. in Youngstown and Cleveland, Ohio. By 1947 he was manager of the branch in Dayton Ohio, and manager of area sales for Columbia Steel and Shafting Co. Over time mergers t"
<urn:uuid:a85e40c2-eac0-48de-b9a1-1ca123a06466>,https://www.wasteremovalkent.co.uk/probate-clearance,0.9311293363571167,980,5269,"We offer probate clearance in Maidstone and Kent. We work with local councils, private landlords and letting agents. Contact us today for reliable probate house clearance.
What Happens During Probate House Clearance?
Probate house clearance is a crucial part of the legal process following the death of an individual. It involves clearing the deceased person's property to prepare it for sale, rental, or transfer to beneficiaries.
This process can be complex and emotionally challenging, but a profe"
<urn:uuid:0ac949cd-3294-4706-b848-98beb8fddacd>,https://www.watsonwatt.com.au/how-to-know-if-a-business-name-is-taken/,0.9304354786872864,1080,4536,"Naming your business can be tricky. It certainly consumes a lot of mental energy for some people when starting a business and many a consultant has made a fortune coming up with names and brands for businesses. Then even when you’ve got something you think is great, how are you to know if a business is taken?
Making things more complicated is that a business name and an entity name are different things, and both can be guzzumped by a trademark. And just to keep it all the more confusing – all th"
<urn:uuid:f32603b9-775a-4018-b152-20eba82deece>,https://www.weathersfieldproctorlibrary.org/board-of-trustees/,0.9491830468177795,203,1028,"Board of Trustees
Board of Library Trustees (3 Year Terms)
Meetings are held on the third Thursday of each month at 7:00 pm at the library.
These are open meetings – members of the public are always welcome.
Library Mission Statement
The mission of the Weathersfield Proctor Library is to provide open and convenient access to information, through traditional resources and evolving technologies, to citizens of all ages in the town of Weathersfield. The library contains materials that complement th"
<urn:uuid:0cdd4a37-536d-4a9b-b8a7-8e0389bd23f0>,https://www.webdesignfact.com/2013/10/advantages-of-using-pos-systems-in-retail.html,0.956769585609436,453,2375,"Anomalies are no longer going to be obscured by shadows. POS systems are designed to track every single detail about each transaction as well as the movements in the inventory. If there is a mismatch, it will be detected right away. The culprit can be caught in no time so that it doesn’t happen again. This level of transparency does wonders for businesses in terms of profits and efficiency. The staff will have to shape up knowing that mistakes, whether done on purpose or by accident, are going t"
<urn:uuid:159854f5-f3c4-4422-811b-c32a85904225>,https://www.webwire.com/ViewPressRel.asp?aId=254985,0.9206058979034424,982,4631,"Tate Modern Turns 20
New Exhibitions, Displays, Performances and Events To Open on 11 May 2020, Including Works by Yayoi Kusama and Louise Bourgeois
On Monday 11 May 2020, Tate Modern will celebrate the 20th anniversary of its opening. The day will feature a dedicated programme of displays and performances across the museum – including the return of Louise Bourgeois’ iconic giant spider – as well as the opening of a special exhibition dedicated to the Japanese artist Yayoi Kusama.
Frances Morris"
<urn:uuid:54522a74-1b38-44ba-9940-3a7f1cc0c829>,https://www.weddinginbodrum.com/events,0.912559449672699,324,1535,"Exclusive Private Dining & Event Catering in Bodrum
Whether you're planning an intimate romantic dinner for two with a private chef or organizing a lively evening party, our services are designed to elevate your experience.
Are you celebrating a bachelor party in Bodrum? Or is it time to mark a special anniversary? Gather your friends, enjoy the moment, and indulge in exquisite cuisine—because the quality of your dining experience is just as important as the celebration itself.
My team specializ"
<urn:uuid:12335025-cd89-456e-a3d9-016134cb2d93>,https://www.weinerbenefitsgroup.com/,0.9588331580162048,367,1890,"From Hire to Retire
WE WORK FOR YOUR BENEFIT — as a full-service employee and financial benefits consulting firm. Our dedicated team offers an extensive variety of financial products and services such as group medical insurance, human resource consulting, medigap, retirement planning, and long-term care, to name a few.
Since 1938, Weiner Benefits Group and George J. Weiner Associates, Inc. has been providing unparalleled support and service to our clients. This third-generation tradition of putt"
