text,url,language_score,text_length,estimated_token_count
"Hey car lovers, are you planning to take out a car loan owensboro ky? If so, ití»s important you know what to look for before signing on the dotted lin...",https://www.ecommbits.com/6-questions-you-need-to-ask-before-taking-out-a-car-loan/,0.9563053250312805,2976,553
"A grave of a girl who did not quite live to eleven years old. The Nixon family was prominent in the congregation of Old St. Lukeí»s, and this is one of...",https://pittsburghcemeteries.com/tag/nixon-emma-l/,0.9682336449623108,822,149
"Quiz time! What, according to St. John Paul II, is the most important kind of Catholic catechesis? Is it catechesis for children, adults, or non-Catho...",https://catholicexchange.com/how-to-spark-a-catholic-revival,0.9667637348175049,6890,1109
"In the past, tourism businesses relied heavily on word-of-mouth and print advertising to reach potential customers. However, todayí»s consumers are inc...",https://mywikinews.org/3-main-benefits-of-having-a-website-for-your-tourism-business/,0.9621750712394714,3906,629
Please provide any information you have about the decision-making process that led to the 2017 approval for misoprostol to be taken at home for the te...,https://www.gov.scot/publications/foi-202500455437/,0.9360998868942261,5800,894
Every tear will be wiped away in heaven! What a promise! And Jesus can make this promise because His Words and fullness are absolute and current and h...,https://songsbyjosephine.com/every-tear-will-be-wiped-away/life-in-christ/josephine/,0.9374712705612183,1822,336
This page includes a list of all the articles published on this date. Use the navigator to select a different date. Easy Reusable Dryer Softener Sheet...,https://www.thriftyfun.com/tf/2017/05/08/index.html,0.9662086963653564,9060,1692
Co-op in the Community Our Co-op was built to serve and grow our community. Thatí»s why we return our profits to our members and support the causes and...,https://www.otterco-op.crs/sites/otter/local/detail/co-op-in-the-community,0.9409176111221313,1820,293
"First off, the pursuit of a beach body doesní»t necessarily equate to good health Photos courtesy of Jaymes Shrimski The internet, boasting of all the ...",https://multisport.ph/26896/i-dont-want-a-beach-body-and-you-shouldnt-either/,0.9639647006988525,5010,916
Add lots of dinomite color and fun to any dinosaur-themed party with this wonderful Felt Dinosaur Garland! It features polyfilled dinos and plants in ...,https://www.bonjourfete.com/collections/eco-conscious-party-supplies/products/felt-dinosaur-garland,0.9263321757316589,520,85
"Fitness coach Veronika Quintana-James of Lady The F*ck Up is living her dream career, changing womení»s lives through online coaching. í░Growing up I th...",https://www.influencive.com/fitness-expert-veronika-quintana-james-changing-womens-lives/,0.9852365851402283,4183,732
Fire Note Says: Saint Rich bring a warm indie vibe to their debut Beyond The Drone. Album Review: Saint Rich is the musical partnership of Christian P...,https://thefirenote.com/reviews/saint-rich-beyond-the-drone-album-review/,0.936704695224762,1919,324
"Most children act out or challenge parents from time to time, but what if your child engages in destructive behavior? Children who engage in destructi...",https://www.joonapp.io/post/adhd-child-destroys-things,0.9616339206695557,10005,1645
"Deep, relaxed breathing should be practiced on a regular basis to preserve excellent health. Respiratory disorders shorten a personí»s life dramaticall...",https://www.moneyrunner.co.uk/exploring-the-causes-of-breathing-problems/,0.933662474155426,7559,1169
"Should I Attempt to Grow Apples in the Home Orchard? A home apple orchard can conveniently provide tasty, fresh fruits for family consumption. One can...",https://ohioline.osu.edu/factsheet/hyg-1401,0.9335904121398926,16313,2780
"1, 2 & 3 Bedroom Homes In Stockbridge, Georgia Meet Southwinds Point, your fresh, new address in Stockbridge, Georgia. Our upgraded community brings y...",https://www.southwindspointstockbridge.com/,0.932327926158905,1275,211
President Donald Trump and other GOP members are publicly legitimizing an anti-Semitic conspiracy theory group that has sparked violence in the past. ...,https://www.peoplesworld.org/article/dont-ignore-trump-fanning-the-flames-of-qanon-conspiracy-theories/,0.9583810567855835,10452,1709
"When it comes to Shopify Store, every step we take intends to get ahead of the competitors by whatever Google-friendly means possible, including track...",https://koala-apps.io/blog/monitor-competitors-traffic/,0.9367766380310059,3339,559
"This delightful, character, extended family home now boasts an impressive amount of living area with its large kitchen-breakfast room, three reception...",https://millionplus.com/l/real-estate/houses/semi-detached/addlestone-gb/6-bedroom-semi-detached-house-for-sale-100/,0.9518529772758484,616,100
"The Historic Mattie Beal Home The Historic Mattie Beal Home, a 14-room, 2-story residence in Neoclassical Greek Revival style with Baroque ornamentati...",http://lawtonheritage.org/,0.951545000076294,1377,234
"Consistent, reliable and responsive - behind every strong reliable IT infrastructure are the hard-working system administrators (SysAdmins), working t...",https://www.scalecomputing.com/blog/celebrating-sysadmin-day-at-scale-computing,0.9280821084976196,2011,302
"Conventional calorimetry has always the difficulty of choosing between near to equilibrium working conditions and high thermal ramp rates. Thus, eithe...",https://akjournals.com/abstract/journals/10973/49/2/article-p1089.xml,0.9432535767555237,699,102
"In todayí»s dynamic and interconnected business landscape, corporate logistics has evolved into a complex ecosystem. Companies are now tasked with bala...",https://www.dpvtransportation.com/managed-transportation-future-logistics/,0.9163228869438171,5625,695
"Come, journey with me and see the desires of your heart become a reality! Who said bringing forth your God-size dream would be easy? Hi, Ií»m Tereciah ...",https://www.tereciahsmithenquintana.com,0.9543867707252502,5666,1000
Nico is a London-based cinematographer and camera assistant who learnt his craft through studying a BA in Communication (Media Arts & Production) at U...,https://the-dots.com/users/nicolas-nalbandian-448776,0.9314572215080261,1263,200
Fresno County Gun Owners: A CRPA Chapter ĘC Home Page ABOUT OUR MOVEMENT The Fresno County Gun Owners: A CRPA Chapter is made up of dedicated individua...,https://crpa.org/chapter/fresnocountychapter-home/,0.9236903190612793,1027,174
"When you think of San Francisco and Oakland, what comes to mind? Maybe ití»s the iconic Golden Gate Bridge, the historic cable cars, or the bustling ma...",https://www.rentsfnow.com/blog/lights-camera-action-the-bay-areas-film-festival-scene/,0.9186416268348694,3505,559
"At Chinook Country Grassfed we are committed to raising healthy nutrient dense meat. Our animals get ethically raised, slow grown mostly grass-fed wit...",https://chinookcountrygrassfed.com/,0.9715465307235718,1093,193
Cameron University Baseball continued their rough start to the 2013 season as they were swept by the Henderson State Reddies at McCord Field Feb. 9-10...,http://aggiecentral.com/2013/02/cus-struggles-continue-at-home/,0.974860429763794,3704,691
"PepsiCo is a playground for curious people. We invite thinkers, doers, and changemakers to champion innovation, take calculated risks, and challenge t...",https://hsicareer.org/jobs/2025-full-time-sales-management-associate/,0.9206749796867371,6302,947
"History and Mission The Cohen Center for Holocaust and Genocide Studies is much more than a resource center, though that is how it began in 1983. We a...",https://www.keene.edu/academics/cchgs/about/history-mission/,0.9372636675834656,6819,1054
The executive summary: Ií»ll never go back to driving an ICE vehicle. But the Leaf is definitely a transition car (for me) - I need the range to be a r...,https://nickdm.com/2020/10/six-months-with-the-leaf/,0.9756755232810974,2699,517
Shadow Quartet: Travelogue by Marlene MacCallum "'Travelogueí» is the fourth and final canto of the Shadow Quartet. Whereas the first three cantos each...,https://www.vamptramp.com/product-page/shadow-travelogue,0.9184849262237549,2325,377
"Medical Alley is the epicenter of health innovation and care. When you invest in a partnership with us, youí»ll make connections and make a difference ...",https://medicalalley.org/prospectus/,0.9417992830276489,438,65
Drifting - one of the fastest growing forms of motorsport around the world - will return to the second edition of the FIA Motorsport Games this Octobe...,https://www.fiamotorsportgames.com/es/news/121/drifting-slides-back-into-fia-motorsport-games-2022,0.9439417719841003,2866,451
"Known as the í░last dictatorshipí▒ in Europe, for decades Belarus has been caught in a tug-of-war between Russia í¬ its former imperial master í¬ and the ...",https://www.politico.eu/interactive/for-young-exiles-guarded-hope-for-change-in-belarus/,0.9773709177970886,9273,1619
"Always top of the list for a treat or special occasion to celebrate, great wines, fab service and big old slabs of beautiful steak! There are a great ...",http://www.foodieabouttown.com/2019/04/the-railway-club-hotel-2/,0.9535150527954102,961,171
"3 Days Ago After revealing its first electric SUV last year along with some preliminary specifications, Maserati has now detailed the Grecale Folgore....",https://www.carexpert.com.au/car-news/maserati-details-grecale-folgore-electric-suv-for-australia,0.9050804972648621,3605,578
"Gcwinz Casino No Deposit Bonus 100 Free Spins Online casino bonuses, promotions and promotional codes in 2025 The players respond very well to this id...",https://hecrazyguides.com/gcwinz-casino-no-deposit-bonus-100-free-spins/,0.9261839985847473,2453,439
Keystone is thrilled to announce that Partner Verlan Kwan has been named to the Top Women Lawyers 2024 list by the Daily Journal. This distinguished h...,https://keystone-law.com/partner-verlan-kwan-named-one-of-californias-top-women-lawyers-by-the-daily-journal,0.9585952162742615,2525,390
"After reviewing thousands of childrení»s viewing style of , we have identified the following 3 categories. Engaged viewers, , and Resistant Viewers. í˝ ...",https://support.gemiini.org/support/solutions/articles/6000273584-how-do-i-motivate-my-learner-to-watch-gemiini-,0.9418788552284241,3345,585
"Beloved Laurel Resident Leslee Corin Howse, 37, Passes Away After Battling Illness, Leaving Behind a Legacy of Compassion, Strength, and Unwavering Lo...",https://thechronicle.cfd/2025/04/03/beloved-laurel-resident-leslee-corin-howse-37-passes-away-after-battling-illness-leaving-behind-a-legacy-of-compassion-strength-and-unwavering-love-for-family-and-community/,0.9817944765090942,4571,787
Uncover Hidden Dream Meanings Dreaming of a vehicle is usually a dream reflecting your own need or desire to move forward in your life. Even if the ve...,https://www.auntyflo.com/dream-dictionary/vehicle,0.9586384296417236,3575,638
Obtaining a certification from the National Council on Strength and Fitness (NCSF) can open up a world of opportunities for fitness professionals. The...,https://becomefitnesstrainer.com/ncsf-certification-exam/,0.9319730997085571,12699,1917
Giant Otters at Sandoval Lake in Peru Reveille at Sandoval Lake Lodge in the Tambopata National Reserve in Peru was very early with a pre-dawn wake-up...,https://frametoframe.ca/giant-otters-sighted-sandoval-lake/,0.9776452779769897,3397,601
The Dragons will use their third captain this year with Blake Lawrie to relieve Jack de Belin of the duties as they try to compensate for a leadership...,https://www.smh.com.au/sport/nrl/dragons-to-name-new-captain-after-de-belin-cameo-20230703-p5dlg1.html,0.9731088876724243,2450,432
Bombshell finding could end EU authorization of glyphosate. Report: Claire Robinson Glyphosate-based herbicides such as Roundup activate mechanisms in...,https://gmwatch.org/en/106-news/latest-news/19776,0.9488616585731506,14716,2192
"The cost of solar panels lies in the timeframe you're looking at. If you're considering short-term usage, there's going to be a cost. In the long run,...",https://www.yellowlite.com/blogs/how-much-do-solar-panels-cost/,0.9424344301223755,8304,1365
"When doctors diagnosed six-month-old Noah Parker with Type 1 Spinal Muscular Atrophy, declaring heí»d never move and might not survive past two, his pa...",https://thedailybeats.com/2025/06/03/doctors-said-hed-never-move-again-then-a-little-golden-retriever-worked-a-miracle/,0.9122575521469116,1017,143
History of Centre for Strategic Studies ĘC Trincomalee Research. Outreach. Events. The Centre for Strategic Studies í¬ Trincomalee was launched in 2018 ...,https://trincocss.org/history/,0.9573515057563782,785,122
