text,id,dump,url,date,file_path,language,language_score,token_count
"Welcome to Harrisonburg TownSquare.
TownSquare brings together all your favorite local shops and makers in one cozy corner of the internet, so you can support your neighbors and find something truly special every time you shop.
Proudly built right here in the Valley, TownSquare is more than just e-commerce—it’s community-powered progress. Let’s grow together!How to Shop TownSquare:
1. Browse local shops
Shop our collection of hometown favorites. Everything’s made or sold with love right here in ",<urn:uuid:189514cf-784a-4e9f-9e8e-f350c5a41adf>,CC-MAIN-2025-26,https://www.townsquareapp.co/,2025-06-16T16:22:40Z,s3://commoncrawl/crawl-data/CC-MAIN-2025-26/segments/1749709481416.36/warc/CC-MAIN-20250616145137-20250616175137-00968.warc.gz,en,0.8992836475372314,203
"The Art of Effective Board Reporting
Sep 5, 2024
Board reporting is a cornerstone of corporate governance, serving as the primary channel through which the board of directors gains insight into the performance, challenges, and opportunities facing the organization. These reports are not mere formalities; they are essential tools that enable the board to fulfill its fiduciary duties, guide strategic direction, and ensure the organization remains on course to achieve its long-term goals. Let's exa",<urn:uuid:9d2f701d-48f5-418f-a8e2-d5b2d51aad36>,CC-MAIN-2025-26,https://www.traact.com/blog/the-art-of-effective-board-reporting,2025-06-16T16:45:14Z,s3://commoncrawl/crawl-data/CC-MAIN-2025-26/segments/1749709481416.36/warc/CC-MAIN-20250616145137-20250616175137-00968.warc.gz,en,0.9426976442337036,2717
"Belinda's journey and transformation is a real triumph over so much personal stress and pressure. I have a huge amount of respect and admiration for Belinda who has kept going despite all the setbacks... an ordinary woman with extraordinary passion and persistence.
I am so happy to have met you and to be part of your journey. You have achieved so much and continue to do so every day.. a real inspiration to me and many others...Love Tracy x
‘’I have struggled with depression and stress most of my",<urn:uuid:ccb16b4e-f301-480c-9231-33f6e823eabe>,CC-MAIN-2025-26,https://www.tracydixonmindandbodyfit.com/post/2019/08/28/i-wanted-to-be-around-for-my-daughter-when-she-grew-up-i-knew-i-needed-to-make-changes,2025-06-16T15:44:36Z,s3://commoncrawl/crawl-data/CC-MAIN-2025-26/segments/1749709481416.36/warc/CC-MAIN-20250616145137-20250616175137-00968.warc.gz,en,0.9871438145637512,555
"Many people purchase plain shirts or other clothing items so they can later add embroidery and designs to them. They want to personalize their own items to make them more their own. Embroidering items is also great for adding team logos, business names, and more. There are many items that allow the use of embroidery in Olathe.
Shirts – One of the main clothing items often seen with embroidery is a shirt. This is an easy item to embroider because of the material. It is soft and easy to sew onto. ",<urn:uuid:42451264-d511-45ac-8afb-d27558b16a33>,CC-MAIN-2025-26,https://www.transportdirectory.org/items-that-allow-the-use-of-embroidery-in-olathe/,2025-06-16T16:20:43Z,s3://commoncrawl/crawl-data/CC-MAIN-2025-26/segments/1749709481416.36/warc/CC-MAIN-20250616145137-20250616175137-00968.warc.gz,en,0.9762069582939148,469
"Beijing Itinerary 5 Days: What to See & How to Plan
Day 1: Tiananmen Square, Forbidden City, Jingshan Park, Beihai Park, Wangfujing
You may go first to Tiananmen Square and Forbidden City, for they are the best-known landmarks in very city center in Beijing. Taking subway Line 1 to Tiananmen West/Tiananmen East station, or taking Line 2 to Qianmen station, you can get there. Multiple city buses could take you to the place as well.
Walk through Tiananmen Square to the north, you can get to the wo",<urn:uuid:b3df7fbd-18f6-4bab-b074-969a3f6425c5>,CC-MAIN-2025-26,https://www.travelchinaguide.com/package/5-days-in-beijing.htm,2025-06-16T16:09:17Z,s3://commoncrawl/crawl-data/CC-MAIN-2025-26/segments/1749709481416.36/warc/CC-MAIN-20250616145137-20250616175137-00968.warc.gz,en,0.9466993808746338,1496
"The enchantment of Hong Kong is undeniable: city wonders, a glimmering harbour, and upbeat energy fill the city. Just over 700 kilometres across the East China Sea in Taiwan lies an otherworldly landscape of mountain villages, rushing rivers, and Confucius temples. From cuisine to landscapes, here’s what you can expect with a visit to Hong Kong or Taiwan. Why not just make it both?
Hong Kong: Dim Sum + World-Class Restaurants
Hong Kong is considered one of the top culinary destinations in Asia, ",<urn:uuid:a3251d97-2ae9-4371-bfdd-9d2cc01458c9>,CC-MAIN-2025-26,https://www.travelfortravellers.com/2017/08/5-reasons-visit-hong-kong-taiwan/,2025-06-16T16:56:10Z,s3://commoncrawl/crawl-data/CC-MAIN-2025-26/segments/1749709481416.36/warc/CC-MAIN-20250616145137-20250616175137-00968.warc.gz,en,0.9077122211456299,1440
"Yahja: ""Jan the Survivor""
January 5, 2007
Dear Family and Friends,
Hat Co...Sa Qax,
Yes, I am a survivor!
So far on this trip to Centro America I have survived the four hour angry-bull-ride disaster of a mountain road to Caracol in Belize. By contrast the Guatemalan countryside highway this morning to Yahja was mostly almost Interstate.
I am surviving tacos, burritos, quesedillas, re-fried beans, rice and beans, fried bananas and the incendiary Chile Habanero.
I am surviving heat, humidity, a li",<urn:uuid:41493774-e601-412c-9fde-d2f527278162>,CC-MAIN-2025-26,https://www.travelwithjan.com/america2007yahja,2025-06-16T16:16:52Z,s3://commoncrawl/crawl-data/CC-MAIN-2025-26/segments/1749709481416.36/warc/CC-MAIN-20250616145137-20250616175137-00968.warc.gz,en,0.9031286835670471,768
"Having a baby is often described as an exciting time filled with love, joy, and new experiences. However, the reality for many new parents is more complex. Yes, there are beautiful moments, but there are also sleepless nights, overwhelming responsibilities, and a pressure to get “back to normal” almost immediately. You’re expected to settle into parenthood and carry on as if you haven’t just experienced one of the most physically and emotionally transformative events of your life.
Postpartum dep",<urn:uuid:cb615e69-29e8-4885-b1d1-11b350af86c0>,CC-MAIN-2025-26,https://www.treatmyocd.com/blog/postpartum-intrusive-thoughts,2025-06-16T16:54:53Z,s3://commoncrawl/crawl-data/CC-MAIN-2025-26/segments/1749709481416.36/warc/CC-MAIN-20250616145137-20250616175137-00968.warc.gz,en,0.9584670662879944,2985
"Do You Need To Sell Raw Land in Florida and Throughout the USA That’s Just Sitting There Costing You Money?
Turn that land into CASH now!
If you need to sell your property for any reason we can help you. We are a private real estate acquisition company and we buy land. If you have land or acreage that you need to sell fast we are interested in buying it!
Can you relate to any of the following questions regarding your property?
- Did you have plans to retire in this area, but changed your mind an",<urn:uuid:e02c7abb-04b3-4419-8204-d7cf277d885d>,CC-MAIN-2025-26,https://www.trinitylandbuyer.com/,2025-06-16T16:04:47Z,s3://commoncrawl/crawl-data/CC-MAIN-2025-26/segments/1749709481416.36/warc/CC-MAIN-20250616145137-20250616175137-00968.warc.gz,en,0.9538120031356812,921
"Find Your Next Vehicle
Ask the Seller for a CARFAX Canada Report
What is a CARFAX Canada report?
- CARFAX Canada provides comprehensive vehicle history reporting in Canada
What does CARFAX Canada tell you?
- Whether or not the vehicle was in any reported accidents
- Where the vehicle had been registered
- Whether or not the vehicle is a U.S. vehicle and imported properly
- Odometer records
- and more…
Why ask for a CARFAX Canada report?
- Without a vehicle history report, you really do not know ",<urn:uuid:7ca6c2aa-562e-452f-b5b6-2015eeb908cb>,CC-MAIN-2025-26,https://www.truckandcar.ca/,2025-06-16T15:30:14Z,s3://commoncrawl/crawl-data/CC-MAIN-2025-26/segments/1749709481416.36/warc/CC-MAIN-20250616145137-20250616175137-00968.warc.gz,en,0.9519042372703552,392
"Saturday June 17, 2023 - 11:00am - 1:00pm
This is a 1 day, 2-hour clinic designed to improve the movements and choreography needed in Cheer and Dance. We will be going over all the different cheer motions learning several cheers and learning a few 4-5 8 count dances.
TT Sports Complex bookings are nonrefundable. If you are unable to make your rental time, class session or other bookings, please email firstname.lastname@example.org to to receive a credit to reschedule at a later date. Credit must",<urn:uuid:a06925a0-da64-4aa1-a75c-72daa7177ad0>,CC-MAIN-2025-26,https://www.ttsportscomplex.com/service-page/motions-cheer-dance-clinic,2025-06-16T16:34:26Z,s3://commoncrawl/crawl-data/CC-MAIN-2025-26/segments/1749709481416.36/warc/CC-MAIN-20250616145137-20250616175137-00968.warc.gz,en,0.9510682225227356,128
"On November 30, 2023, Kalynn Wilson Harris passed away peacefully after a long battle with cardiovascular dementia.
Kalynn was born October 6, 1940, in Stuttgart, Arkansas to Katherine Rasco Wilson and George Wilson. Kalynn had two sisters, Joan Wilson Rodgers and Nancy Wilson Tullos, who rounded out her loving family.
Kalynn attended Stuttgart High School where she played basketball, was a majorette, and became the second ever Queen Mallard to preside over the World Championship Duck Calling Co",<urn:uuid:e939f6fb-bd6b-4a2f-96b0-ce384a814bfb>,CC-MAIN-2025-26,https://www.turpin-co.com/obituaries/kalynn-wilson-harris,2025-06-16T15:42:58Z,s3://commoncrawl/crawl-data/CC-MAIN-2025-26/segments/1749709481416.36/warc/CC-MAIN-20250616145137-20250616175137-00968.warc.gz,en,0.9637457132339478,602
"Online lottery is a game of chance where players purchase numbered tickets to win prizes. The jackpots can be very large, but it’s important to remember that these games are not without risks. Some people try to take advantage of those hoping for a big payout by selling fake tickets. The best way to avoid this is to do a little research before paying for any lottery ticket. Taking the time to find a reputable site will save you money and help prevent scams from happening to other people.
The leg",<urn:uuid:00b4bf91-ecf6-40b6-b77a-f58b7dafc54d>,CC-MAIN-2025-26,https://www.ubuntumade.com/how-to-find-a-reputable-online-lottery-site-2/,2025-06-16T15:22:24Z,s3://commoncrawl/crawl-data/CC-MAIN-2025-26/segments/1749709481416.36/warc/CC-MAIN-20250616145137-20250616175137-00968.warc.gz,en,0.9680615067481995,618
"Unveiling the Origins of the Mapuche: Genetics and Language Provide Clues
South America was the last corner of the continent to be populated. Who are its ancestors? How did they interact with each other? These questions have been raised by an international team, including the UC Chile School of Anthropology and Center for Intercultural and Indigenous Research (CIIR), in their pursuit to uncover the origins of the Mapuche, Chile's largest indigenous community.
About 15,000 years ago, the first mi",<urn:uuid:bfb36ad3-3c1c-4f1d-bd6f-e9dbfc061ea8>,CC-MAIN-2025-26,https://www.uc.cl/en/news/unveiling-the-origins-of-the-mapuche-genetics-and-language-provide-clues/,2025-06-16T16:39:03Z,s3://commoncrawl/crawl-data/CC-MAIN-2025-26/segments/1749709481416.36/warc/CC-MAIN-20250616145137-20250616175137-00968.warc.gz,en,0.947609543800354,1227
"As a physician assistant, I enjoy the surgical and clinical responsibilities that positively impact our team’s approach to patient-centered care. The most rewarding aspect of this field of medicine is the satisfaction gained when our work helps patients to see themselves as beautiful, strong, and confident. I believe my job as a provider is to empower patients to be the best they can be through their health, wellness, and spirit.
I enjoy traveling, sports (Wreck ’em Tech and Rock Chalk Jayhawk!)",<urn:uuid:6e641693-5a2e-46c0-a325-9884fdb6d67b>,CC-MAIN-2025-26,https://www.uchealth.org/provider/paige-schwab-pa-c/,2025-06-16T16:00:00Z,s3://commoncrawl/crawl-data/CC-MAIN-2025-26/segments/1749709481416.36/warc/CC-MAIN-20250616145137-20250616175137-00968.warc.gz,en,0.931230902671814,194
"Aaron Cloutier is a musician, composer, multi-instrumentalist, producer and educator.
For the last 20 years, Aaron has dedicated his life to his professional musical pursuits and has refined his expertise in the Metal, Rock, and Pop genres.
Beginning as a guitar player at the age of 16 with roots in Thrash Metal, Aaron has expanded his playing to adopt influences from Jazz, Folk,Progressive Rock, Classic Rock as well as elements of Shred and even World music.
After one year of private music less",<urn:uuid:d41ab2b2-e9e7-4a3c-87c1-097074e34ddb>,CC-MAIN-2025-26,https://www.udemy.com/user/aaron-cloutier-4/,2025-06-16T17:06:36Z,s3://commoncrawl/crawl-data/CC-MAIN-2025-26/segments/1749709481416.36/warc/CC-MAIN-20250616145137-20250616175137-00968.warc.gz,en,0.9830366969108582,403
"How Microtears Help You to Build Muscle Mass
February 05, 2018
It seems counterintuitive to purposely injure yourself during a workout, but that, in essence, is what you must do to build muscle mass.
That doesn’t mean you should reach for the heaviest barbell at the gym and attempt 100 repetitions daily, orthopedic surgeon Michael Karns, MD says. Instead, it’s important to understand how these tiny injuries to muscle fibers, called microtears, help athletes build mass.
“Microtears are what happe",<urn:uuid:0996a9ee-066f-4645-8a31-04baafb1b4c6>,CC-MAIN-2025-26,https://www.uhhospitals.org/blog/articles/2018/02/microtears-and-mass,2025-06-16T16:31:03Z,s3://commoncrawl/crawl-data/CC-MAIN-2025-26/segments/1749709481416.36/warc/CC-MAIN-20250616145137-20250616175137-00968.warc.gz,en,0.9412000179290771,706
"by Charlie Litton, UNeMed Communications
OMAHA, Neb. (June 10, 2013)—UNeMed Corporation will expand its reach in developing and discovering new partners for technologies invented at the University of Nebraska Medical Center (UNMC).
UNeMed, the technology transfer office at UNMC, announced today a new collaboration with patent brokerage firm Adapt IP Ventures.
Adapt IP Ventures will help UNeMed license a patent invented in Nebraska that teaches methods for effectively growing high-yield protein c",<urn:uuid:58da9bd8-c1fd-4cd0-a209-461ef9d26963>,CC-MAIN-2025-26,https://www.unemed.com/news/unemed-signs-adapt-ip-ventures-to-broker-patent-deal,2025-06-16T16:37:03Z,s3://commoncrawl/crawl-data/CC-MAIN-2025-26/segments/1749709481416.36/warc/CC-MAIN-20250616145137-20250616175137-00968.warc.gz,en,0.9448578953742981,387
"New intubating tongue retractor makes intubation easier
Ben Boedeker, M.D., PhD, D.V.M., M.B.A.
Airway intubation, the procedure where an inserted tube assists a patient to breathe, can be complicated by the patient’s anatomy, lack of mobility in the neck, and trauma in the mouth and throat.
UNMC physician Ben Boedeker developed a novel tongue retractor with a wider working blade and a more ergonomic curve that helps manage complications during intubation by immobilizing the tongue and facilitat",<urn:uuid:7500849e-d63e-44ab-a058-a1b869b855e3>,CC-MAIN-2025-26,https://www.unemed.com/product/intubating-tongue-retractor,2025-06-16T15:22:21Z,s3://commoncrawl/crawl-data/CC-MAIN-2025-26/segments/1749709481416.36/warc/CC-MAIN-20250616145137-20250616175137-00968.warc.gz,en,0.9008600115776062,491
"UNHCR celebrates strength of refugees and host communities on World Refugee Day
Today, on World Refugee Day, we recognize the courage and strength of refugees in Kenya and around the world. Forced to leave everything behind, we celebrate refugees’ cultural diversity and commend the solidarity by governments and host communities.
On this important day, we aspire “for a world where refugees are welcomed”. With more than 120 million people now forcibly displaced from their homes around the world, s",<urn:uuid:c7f4a7cb-24df-493f-a1f3-e54b0e637ba0>,CC-MAIN-2025-26,https://www.unhcr.org/ke/news/unhcr-celebrates-strength-refugees-and-host-communities-world-refugee-day,2025-06-16T17:01:58Z,s3://commoncrawl/crawl-data/CC-MAIN-2025-26/segments/1749709481416.36/warc/CC-MAIN-20250616145137-20250616175137-00968.warc.gz,en,0.9447453618049622,462
"Exploring the Thrill of Online Pokies in Australia Top Casinos and Games
Experience the thrill of pokies online like never before! Whether you’re searching for real pokies or the best online casino Australia, we’ve got you covered. Dive into the world of online pokies real money and enjoy top-rated games at your fingertips.
Looking for online pokies australia real money ? Our platform offers the most exciting and secure online pokies experience. Join the best online pokies Australia community to",<urn:uuid:e5cbbff8-e7e2-4d75-98a3-6014ebb19635>,CC-MAIN-2025-26,https://www.unitedstatesofganja.com/2025/01/22/exploring-the-thrill-of-online-pokies-in-australia-top-casinos-and-games/,2025-06-16T16:08:50Z,s3://commoncrawl/crawl-data/CC-MAIN-2025-26/segments/1749709481416.36/warc/CC-MAIN-20250616145137-20250616175137-00968.warc.gz,en,0.8811015486717224,1533
"We get used to the new normal – sanitization – in the COVID-19 world. Every day, we apply various chemical disinfectants in our homes, offices and classrooms, aiming to kill the novel coronavirus on high-touch surfaces. The novel coronavirus has been found to remain viable on hard, non-porous surfaces for hours to even days. To date, the U.S. Environmental Protection Agency and regulatory agencies in other countries have published lists of recommended cleaning products for use against the virus.",<urn:uuid:b49ba921-1861-4e0f-94a9-c7560fb1b274>,CC-MAIN-2025-26,https://www.unr.edu/nevada-today/news/2020/atp-covid-19-disinfectants,2025-06-16T14:58:33Z,s3://commoncrawl/crawl-data/CC-MAIN-2025-26/segments/1749709481416.36/warc/CC-MAIN-20250616145137-20250616175137-00968.warc.gz,en,0.939690351486206,1348
"Yesterday, an Untapped Cities reader contacted us asking us what those mysterious green mailboxes are on the streets of New York City. The mailboxes are known as relay boxes in New York City. Luckily for all, our favorite book The Works: Anatomy of a City by Kate Ascher has a little section on it. Asher writes in “Relaying the Mail”:
Familiar destinations to most New Yorkers, over 8,000 blue mail collection boxes are spread out across the city. Less familiar are the olive green ‘relay boxes,’ wh",<urn:uuid:aaf1c043-9be4-44f3-b253-cddf1dc1f16e>,CC-MAIN-2025-26,https://www.untappedcities.com/cities-101-what-are-those-green-mailboxes-in-nyc/,2025-06-16T15:23:03Z,s3://commoncrawl/crawl-data/CC-MAIN-2025-26/segments/1749709481416.36/warc/CC-MAIN-20250616145137-20250616175137-00968.warc.gz,en,0.9535372257232666,322
"Welcome to a new short series highlighting the many surprising art and architectural finds that are located both in New York City and in Paris. In honor of the 127th anniversary of the Statue of Liberty dedication, we’re starting with this iconic symbol first. While the statue on Liberty Island is the most famous, it is far from the only one in existence.
The Statue of Liberty (officially Liberty Enlightening the World) has always maintained a connection to its native France. It was dreamt up by",<urn:uuid:bf2e4bb9-768e-4271-a9f0-aafb0f1893c1>,CC-MAIN-2025-26,https://www.untappedcities.com/nyc-vs-paris-many-statues-of-liberty/,2025-06-16T16:59:41Z,s3://commoncrawl/crawl-data/CC-MAIN-2025-26/segments/1749709481416.36/warc/CC-MAIN-20250616145137-20250616175137-00968.warc.gz,en,0.9577980041503906,926
"The following online reservations are available through your member website: Club events, à la carte dining and hotel rooms.
Your website also includes information for booking additional Club services for which online reservations are not currently available. Simply navigate to the page corresponding to your desired service and follow the instructions provided.
Please note that Club event, à la carte dining and hotel room reservations made prior to the website launch will be automatically carrie",<urn:uuid:e7292d85-ff20-405e-b8fc-b0a6d5f3b121>,CC-MAIN-2025-26,https://www.vancouverclub.ca/posts/hotel-rooms-reservation-guide-website,2025-06-16T16:41:40Z,s3://commoncrawl/crawl-data/CC-MAIN-2025-26/segments/1749709481416.36/warc/CC-MAIN-20250616145137-20250616175137-00968.warc.gz,en,0.8878207206726074,534
"The Case Against Nuclear
First of all, let me get one important thing clear: I’m not going to pretend I’m an expert on this fairly complicated subject. But it really doesn’t feel like you need to be one to see some of the issues with nuclear being portrayed as a massive silver bullet.
We have a problem that needs to be solved: The world’s energy usage is ridiculously high - and increasing. As poor countries climb out of property, their energy usage goes up. For many of these countries, the main ",<urn:uuid:b2ac85ee-9d6e-4348-acbf-2fbf6332e81f>,CC-MAIN-2025-26,https://www.vegard.net/the-case-against-nuclear/,2025-06-16T16:23:45Z,s3://commoncrawl/crawl-data/CC-MAIN-2025-26/segments/1749709481416.36/warc/CC-MAIN-20250616145137-20250616175137-00968.warc.gz,en,0.945019543170929,1470
"Your donation for our animal hospital
Your donation goes directly to the treatment of the patient's animals, the high-quality clinic equipment (such as the most modern devices for tumor treatment) - thank you very much!
The animal hospital of the Vetmeduni with its five university clinics is available to you and your animal all year round and around the clock.
University of Veterinary Medicine, Vienna
IBAN AT43 2011 1800 8098 1000
Purpose ""Animal Hospital""",<urn:uuid:23159f13-6c29-4ff1-b8bf-44e543a6aa96>,CC-MAIN-2025-26,https://www.vetmeduni.ac.at/en/fundraising/your-donation-for-our-animal-hospital,2025-06-16T15:31:35Z,s3://commoncrawl/crawl-data/CC-MAIN-2025-26/segments/1749709481416.36/warc/CC-MAIN-20250616145137-20250616175137-00968.warc.gz,en,0.887206494808197,97
"Burkhard Straube joins Vianode as new CEO
Vianode, a Norwegian producer of advanced battery materials with a greener footprint, is excited to announce the appointment of Burkhard Straube as Chief Executive Officer, and Hans Erik Vatne as new Chief Operating Officer. Both leaders bring extensive experience to Vianode, as the company is delivering on its growth plan.
Burkhard Straube is currently the President of the Graphite Solutions Business Unit at SGL Carbon, a position he has held since 2015",<urn:uuid:28b798d3-7575-4939-87f6-31f58911c1da>,CC-MAIN-2025-26,https://www.vianode.com/news/burkhard-straube-joins-vianode-as-new-ceo,2025-06-16T15:51:11Z,s3://commoncrawl/crawl-data/CC-MAIN-2025-26/segments/1749709481416.36/warc/CC-MAIN-20250616145137-20250616175137-00968.warc.gz,en,0.9503102898597717,885
"I’ve been using the internet for more than 2 decades. Websites have evolved from static HTML and CSS to rich, interactive experiences. But the core navigation and usage of the web has stayed the same - we all mostly use Google to discover and browse information.
I think that the next version of the web will be based around large language models (LLMs). I browse the internet to perform tasks - examples are learning a new concept, or researching the best daycare for my kids. With the current web, ",<urn:uuid:58177324-6ee7-40dd-897b-4dd5f17eb070>,CC-MAIN-2025-26,https://www.vikas.sh/post/vision-for-ai-web,2025-06-16T15:59:03Z,s3://commoncrawl/crawl-data/CC-MAIN-2025-26/segments/1749709481416.36/warc/CC-MAIN-20250616145137-20250616175137-00968.warc.gz,en,0.9078100919723511,2214
"Vikings Offensive Coordinator Norv Turner
Q: Can you talk about how the offensive line has been able to patch things together these last couple of weeks?
A: I think it's been a real challenge. I think Jeff [Davidson] has done a great job, Jeff and Hank [Fraley] have done a great job of getting those guys ready to play, getting those guys ready, the backups ready to play even when they weren't starters. I think being at home has helped us the last couple of weeks, being at home and being able to ",<urn:uuid:c047bdbf-dfe3-4881-afee-247b4619b3c7>,CC-MAIN-2025-26,https://www.vikings.com/news/coordinators-address-the-media-on-thursday-14558219,2025-06-16T15:50:54Z,s3://commoncrawl/crawl-data/CC-MAIN-2025-26/segments/1749709481416.36/warc/CC-MAIN-20250616145137-20250616175137-00968.warc.gz,en,0.9920177459716797,4094
"93 Wine Enthusiast - The region's forest-like qualities show on the nose of this bottling, where hints of sandalwood, cigar box, oregano and thyme add to the dried red-fruit aromas. The palate offers a dark blackberry jam core, with peppercorn and marjoram adding nuance.
Controlled sophisticated nose with black cherry and mocha powder…Very subtle presence of French oak in the complex yet medium intense aromas. Completely free of sharp edges. Fresh entry like cool water, repeats the bright cherry",<urn:uuid:8131d644-386c-4071-9a6d-76c73b06e9e2>,CC-MAIN-2025-26,https://www.vintagewinemerchants.com/products/2019-kathryn-kennedy-cabernet-sauvignon-estate,2025-06-16T15:44:54Z,s3://commoncrawl/crawl-data/CC-MAIN-2025-26/segments/1749709481416.36/warc/CC-MAIN-20250616145137-20250616175137-00968.warc.gz,en,0.8784647583961487,189
"Join 120+ Clients Who Trust Our Remote Staffing Agency
Why Should You Outsource Your Food Staff Needs?
In South America, there is an abundance of talent experienced in food. Outsourcing your food staff needs to this region not only provides you with skilled professionals but also offers cost-effective solutions.
Let us help you unlock the potential of your business by connecting you with the right talent.
Experienced Professionals in the Food Industry
We pride ourselves on connecting top-tier or",<urn:uuid:713ca1ce-a3f5-483f-a31f-1b939d16ccc7>,CC-MAIN-2025-26,https://www.vintti.com/industry/food,2025-06-16T15:24:36Z,s3://commoncrawl/crawl-data/CC-MAIN-2025-26/segments/1749709481416.36/warc/CC-MAIN-20250616145137-20250616175137-00968.warc.gz,en,0.9047676920890808,349
"Slot Casino Australia
By choosing the right machine, slot casino australia you may be left in the dark until the morning. In this article, leaving you unable to benefit from bonuses.
Jackpot Machine For Sale
Pussy888 online casino | While its nice to think we could enjoy an infinite number of free spins, the odds of winning the grand jackpot are generally very low. |
How do you pay for online gambling | As you can see, in addition to the aforementioned. |
Online Casino: The Best new IGT Games of",<urn:uuid:d7d92aee-6ff7-42c0-b34b-bf731793f75a>,CC-MAIN-2025-26,https://www.virginiahistorichomes.org/slot-casino-australia/,2025-06-16T17:00:00Z,s3://commoncrawl/crawl-data/CC-MAIN-2025-26/segments/1749709481416.36/warc/CC-MAIN-20250616145137-20250616175137-00968.warc.gz,en,0.926100492477417,516
"Lake Powell SXS Extravaganza
Oct 10th – Oct 12th
- Time4:00 PM to 5:00 PM
Welcome to the Lake Powell SXS Extravaganza!
Get ready for a heart-pounding adventure set against the stunning backdrop of Big Water, Utah! The Lake Powell SXS Extravaganza invites you to explore two spectacular UTV loops, each offering a unique and unforgettable experience.
Choose your adventure on any day of the event:
Lake Powell Overlooks Loop: Marvel at the expansive beauty of Lake Powell as you ride along scenic trai",<urn:uuid:b4c871e0-e271-4dea-ba9d-c8885515d987>,CC-MAIN-2025-26,https://www.visitarizona.com/events/lake-powell-sxs-extravaganza/,2025-06-16T15:09:34Z,s3://commoncrawl/crawl-data/CC-MAIN-2025-26/segments/1749709481416.36/warc/CC-MAIN-20250616145137-20250616175137-00968.warc.gz,en,0.8969142436981201,373
"Today, there are dozens of car models available to buyers, giving them several options for what they want to drive. In the automotive industry currently, 60 of the major auto brands are controlled by just fourteen global corporations. This infographic from the team at Alan's Factory Outlet shows the 35 car models that have the longest production runs ever. First introduced in 1935, the Chevrolet Suburban is currently the oldest, longest running car model at 86 years old.
The four other oldest mo",<urn:uuid:9762ade1-d3ed-4a85-9297-dfac553d6b84>,CC-MAIN-2025-26,https://www.visualistan.com/2021/07/the-35-cars-with-the-longest-production-runs-of-all-time.html,2025-06-16T16:07:55Z,s3://commoncrawl/crawl-data/CC-MAIN-2025-26/segments/1749709481416.36/warc/CC-MAIN-20250616145137-20250616175137-00968.warc.gz,en,0.941741943359375,188
"This product delivers outstanding performance, making it a great addition to my collection.
Flawless buying experience, efficient handling, and great quality.
This store’s service is both fast and dependable, making my shopping experience smooth.
The item looks fantastic and feels durable. It’s exactly what I was looking for and fits my needs perfectly.
Durable and stylish, a fantastic addition to my daily routine.
Everything turned out well, shipping was delayed but it did arrive as promised.
D",<urn:uuid:8c6b6269-e6c7-4fc1-82df-bf743fc1cb85>,CC-MAIN-2025-26,https://skull-clothing.com/product/boho-cow-bull-skull-cute-boho-cow-awesome-gift-for-women-and-girls-duvet-cover,2025-06-19T01:00:00Z,s3://commoncrawl/crawl-data/CC-MAIN-2025-26/segments/1749709481498.53/warc/CC-MAIN-20250618230507-20250619020507-00968.warc.gz,en,0.9701588749885559,152
"Automated Posture Correction
The built-in smart sensor detects when your back bends beyond 25° and triggers a gentle vibration, reminding you to stand tall and sit straight.
Effortlessly maintain the correct posture without thinking about it. Let SpineSync™ be your guide to alignment and confidence.
Prevent Back Pain & Neck Humps
Poor posture can contribute to various problems, including back and neck pain, and the dreaded neck hump. When the spine is not correctly aligned, it places extra strai",<urn:uuid:c596df31-7ef7-4b0d-96a8-cf7cb10adac9>,CC-MAIN-2025-26,https://skyfitnessworld.com/collections/all-products/products/spinesync%E2%84%A2,2025-06-18T23:24:21Z,s3://commoncrawl/crawl-data/CC-MAIN-2025-26/segments/1749709481498.53/warc/CC-MAIN-20250618230507-20250619020507-00968.warc.gz,en,0.9218971133232117,826
"Sunflowers are among the nicest sorts of flowers you should have in your yard.
There are more than 70 different types of sunflowers, and these annual plants come in hundreds of various sizes and hues.
Sunflowers originate from North America and are one of the easiest flowers to grow.
Besides being drought-tolerant and pest-resistant, sunflowers adore the summer heat and are full-sun flowers that flourish with lots of light in a garden.
Sunflowers enjoy the sunshine so much that they’re renowned ",<urn:uuid:0937be68-ee1b-4340-8a1b-ed46ef0a0276>,CC-MAIN-2025-26,https://sledtell.com/different-types-of-sunflowers/,2025-06-19T00:31:37Z,s3://commoncrawl/crawl-data/CC-MAIN-2025-26/segments/1749709481498.53/warc/CC-MAIN-20250618230507-20250619020507-00968.warc.gz,en,0.9454504251480103,1515
"Pride Month has commenced and here at S/, we’re celebrating by listening to the resounding voices of Toronto’s LGBTQ+ community. What evolved from mass protests following the 1981 bathhouse raids has now become an integral part of Toronto culture with iconic events such as the Pride Parade taking place in the downtown core annually amongst a multitude of gatherings and celebrations. This Pride month, we want to emphasize the importance of gaining insight into the city’s LGBTQ+ community by chatt",<urn:uuid:5ed9de13-957e-40b4-a759-9face55f04ac>,CC-MAIN-2025-26,https://smagazineofficial.com/art-culture/chatting-with-5-notable-voices-from-torontos-lgbtq-community-062016313,2025-06-19T00:55:22Z,s3://commoncrawl/crawl-data/CC-MAIN-2025-26/segments/1749709481498.53/warc/CC-MAIN-20250618230507-20250619020507-00968.warc.gz,en,0.9573934674263,1952
"Dorothy Wang is reality TV’s newest golden girl. An industry vet, she got her start on E!’s Rich Kids of Beverly Hills before appearing on a few episodes of Netflix’s Bling Empire. Now, after a move across the country, she’s starring in its New York spinoff. Here the reality star reveals why she almost turned Bling Empire down, what caught her eye at NYFW, and her current not-so-guilty pleasure.
For anyone who hasn’t seen Bling Empire: New York, how would you describe the show?
“Bling Empire: Ne",<urn:uuid:be83c02a-6545-4877-abdb-c044bad7ddcf>,CC-MAIN-2025-26,https://smagazineofficial.com/art-culture/dorothy-wang-on-moving-to-new-york-the-importance-of-travel-and-nyfw-021737769,2025-06-19T00:21:21Z,s3://commoncrawl/crawl-data/CC-MAIN-2025-26/segments/1749709481498.53/warc/CC-MAIN-20250618230507-20250619020507-00968.warc.gz,en,0.9812606573104858,1871
"Showing all 3 results
6.95m Narrow Forklift Truck – Linde R14X High
This 6.95m compact electric reach truck is ideal for use in narrow aisles for high rack warehouses. The unique design offers greater productivity for manual handling and lifting.
Rough Terrain Forklift – AUSA C11M
The rough terrain forklift is a powerful and price conscious lifting machine. With its 1,200Kg (2,400lbs) load capacity and lightweight, compact size, this rough terrain forklift is the perfect choice for working in ti",<urn:uuid:7edc5448-b44e-49cd-9370-9aa83fc123a7>,CC-MAIN-2025-26,https://smithshire.com/category/hire-equipment/lifting-equipment/lifting/forklifts-and-pallet-trucks/forklift-truck-hire/,2025-06-18T23:51:41Z,s3://commoncrawl/crawl-data/CC-MAIN-2025-26/segments/1749709481498.53/warc/CC-MAIN-20250618230507-20250619020507-00968.warc.gz,en,0.8448612689971924,218
"**Devastated Occurrence: Elena Rybakina Banned Suspended From Tennis After Violating Tennis Rules and Fined $70 Million to Atone for Misconduct**
In a stunning turn of events, Russian tennis star Elena Rybakina has been handed a significant punishment by the Women’s Tennis Association (WTA) for violating several rules during a recent match. The 23-year-old, who has been enjoying a breakout season, has been banned from professional tennis for a period of six months and fined $70 million as part o",<urn:uuid:e0601762-bea2-4d3e-87b5-357778eb8c13>,CC-MAIN-2025-26,https://soccer247.com.ng/archives/38994,2025-06-18T23:45:31Z,s3://commoncrawl/crawl-data/CC-MAIN-2025-26/segments/1749709481498.53/warc/CC-MAIN-20250618230507-20250619020507-00968.warc.gz,en,0.9769380688667297,941
"Use these dried flowers as embellishment in your resin craft. The colours will not fade and remain vibrant and pretty even after curing in resin.Besides using in resin, you can also use them as decorative in scrap-booking, planner decoration and more.
This product comes with a random mix of flowers and plants, packed into a nice container.
Note that you will not receive the exact set shown in the photos as the flowers are randomly selected and picked according to the seasons and availability.
Pa",<urn:uuid:d32627e1-04a8-4cf7-903c-cef2eb4579f4>,CC-MAIN-2025-26,https://sophieandtoffee.com/collections/flowers-1/products/box-of-flowers-plants-decoration,2025-06-18T23:29:30Z,s3://commoncrawl/crawl-data/CC-MAIN-2025-26/segments/1749709481498.53/warc/CC-MAIN-20250618230507-20250619020507-00968.warc.gz,en,0.9633361101150513,191
"Kink from Doc Johnson The Stinger Electro Play Wand. Motivation comes in many forms. This cattle prod style electro play wand creates different sensations specific to the area it is applied with a light zap perfect for training or teasing. Tickling, tingling, and a moderate sting are all within the realm of possibility with the Stinger. The Stingers handle features a non-slip, non-conductive rubber grip, and a safe but powerful current runs between two prongs at end of the contrasting red shaft.",<urn:uuid:0162b94c-6abf-40a1-bf93-936ff1d315f2>,CC-MAIN-2025-26,https://sophierain.vip/product/kink-the-stinger-electro-play-wand/,2025-06-19T01:08:04Z,s3://commoncrawl/crawl-data/CC-MAIN-2025-26/segments/1749709481498.53/warc/CC-MAIN-20250618230507-20250619020507-00968.warc.gz,en,0.898648738861084,356
"Since 2001, the Google Street View truck has been rolling through neighborhoods all over the world, taking photos of our towns and city streets in order add to its parent company’s enormous library of 3D street-level images. In the search for the perfect panoramic image, however, Google doesn’t always have time to wait around for the streets they’re mapping to clear, leading to the occasional unintentional photobomber.
Luckily, Google also has a pretty advanced facial technology recognition syst",<urn:uuid:e157ced1-db6a-4d47-a4ca-c113e0512652>,CC-MAIN-2025-26,https://soranews24.com/tag/privacy/,2025-06-19T00:18:38Z,s3://commoncrawl/crawl-data/CC-MAIN-2025-26/segments/1749709481498.53/warc/CC-MAIN-20250618230507-20250619020507-00968.warc.gz,en,0.9532323479652405,815
"Well-fitted clothing feels comfortable and looks great, but excessively tight apparel can cause skin irritation, numbness, and restricted movement. Read to learn more about these three ways tight clothes can affect your body and health.
1. Skin Irritation
Tight-fitting clothes can dig into the skin and irritate, especially behind your knees and at the crooks of your arms, armpits, and groin. The tight fabric also reduces breathability and traps sweat on the skin’s surface.
Fabric rubbing on wet ",<urn:uuid:036f6b96-4b38-4e20-a1f0-2c0aa493fe26>,CC-MAIN-2025-26,https://southbendhealthyliving.com/3-ways-tight-clothes-can-affect-your-body-and-health/,2025-06-18T23:50:27Z,s3://commoncrawl/crawl-data/CC-MAIN-2025-26/segments/1749709481498.53/warc/CC-MAIN-20250618230507-20250619020507-00968.warc.gz,en,0.935128927230835,456
"Cotter Bridge poster by Sheila Parsons. Our posters are produced on acid-free papers using archival inks to guarantee that they last a lifetime without fading or loss of color. All posters include a 1"" white border around the image to allow for future framing and matting, if desired.
This painting was done on location in Cotter, Arkansas on the banks of the White river.
3 - 4 business days",<urn:uuid:a62365bf-e554-44bd-a6aa-708af49c34c6>,CC-MAIN-2025-26,https://sparsons.com/featured/cotter-bridge-sheila-parsons.html?product=poster,2025-06-18T23:52:05Z,s3://commoncrawl/crawl-data/CC-MAIN-2025-26/segments/1749709481498.53/warc/CC-MAIN-20250618230507-20250619020507-00968.warc.gz,en,0.9014917016029358,86
"Michigan State basketball has received a lot of good news on the recruiting trail recently. This includes finding out they made the top three for a top 60 recruit in the country as well as some rumors swirling that they were one of the schools targeting the No. 1 recruit in the country the hardest.
And now we fast forward a little bit and the Spartans are seeing another positive development for one of the top recruits in the 2025 class.
Braylon Mullins is a four-star guard from Greenfield,Ind. A",<urn:uuid:dab9ec34-8fad-436d-bc27-6e15d94d80bc>,CC-MAIN-2025-26,https://spartanavenue.com/posts/top-recruit-announces-official-visit-to-michigan-state-basketball-01j2ene20d6q,2025-06-19T00:38:15Z,s3://commoncrawl/crawl-data/CC-MAIN-2025-26/segments/1749709481498.53/warc/CC-MAIN-20250618230507-20250619020507-00968.warc.gz,en,0.9862247109413147,414
"Work Now, Pay Later
Start making money today with payments as low as $97 per month*
on cable machine packages and cart jetters from Spartan Tool.
We know the challenges of running your own business, so we worked with our partners at Apex Commercial Capital to give you financing that makes your money work for you. Our packages include everything you need to get your cable machine up and running immediately.
*Prices before tax and shipping. Subject to credit approval.",<urn:uuid:3e582311-ceaa-4a29-976f-87cb9ef9d50b>,CC-MAIN-2025-26,https://spartantool.com/work-now-pay-later?setCurrencyId=1,2025-06-18T23:57:27Z,s3://commoncrawl/crawl-data/CC-MAIN-2025-26/segments/1749709481498.53/warc/CC-MAIN-20250618230507-20250619020507-00968.warc.gz,en,0.9685354232788086,96
"Is your monthly calendar starting to fill up with the medical management of your rheumatoid arthritis, arthritis symptoms, joint pain, or knee pain? When your joints feel stiff, sore, and swollen, you’ll take as many appointments as you can get to get rid of this debilitating pain.
At Pain Treatment Specialists, our team of joint treatment specialists know how critical it is to get rid of joint pain in as few visits as possible. This is why our team of Harvard-trained pain doctors specialize in ",<urn:uuid:87739cbf-6ba2-4435-a10f-3ad869a8e210>,CC-MAIN-2025-26,https://spineandjoint.com/joint-treatment-specialist/,2025-06-19T00:49:35Z,s3://commoncrawl/crawl-data/CC-MAIN-2025-26/segments/1749709481498.53/warc/CC-MAIN-20250618230507-20250619020507-00968.warc.gz,en,0.9430051445960999,1152
"Splendid Skin exists to serve women and men who desire to improve their facial aesthetic, body aesthetic, and overall skin care. We are a boutique medical spa that strives to be your preferred skin destination in the Middle Tennessee area. Splendid Skin takes pride in offering some of the most popular, effective, safe, and innovative aesthetic treatments. At Splendid Skin, we treat our clients with the highest standards in mind, exactly how we would want to be treated. We are ethical in our trea",<urn:uuid:9e62c979-5937-4cbf-a30f-083ca91e4560>,CC-MAIN-2025-26,https://splendidskin.com/,2025-06-18T23:15:39Z,s3://commoncrawl/crawl-data/CC-MAIN-2025-26/segments/1749709481498.53/warc/CC-MAIN-20250618230507-20250619020507-00968.warc.gz,en,0.9514824151992798,560
"Paris Saint-Germain Clear At Top Of Ligue 1 After Beating Lille
Paris Saint-Germain are two points clear at the top of Ligue 1 already after coming through their biggest test of the season so far on Sunday, winning 3-1 away to fellow Champions League contenders Lille.
- Agence France-Presse
- Updated: September 02, 2024 08:23 am IST
Paris Saint-Germain are two points clear at the top of Ligue 1 already after coming through their biggest test of the season so far on Sunday, winning 3-1 away to fe",<urn:uuid:fd990d47-5cc7-4dbe-b8d6-41cc0dbf40cb>,CC-MAIN-2025-26,https://sports.ndtv.com/football/paris-saint-germain-clear-at-top-of-ligue-1-after-beating-lille-6470183,2025-06-18T23:31:58Z,s3://commoncrawl/crawl-data/CC-MAIN-2025-26/segments/1749709481498.53/warc/CC-MAIN-20250618230507-20250619020507-00968.warc.gz,en,0.9656834602355957,999
"The LG Twins of baseball scored a dramatic come-from-behind victory over the Samsung Lions.
LG’s Moon Bo-kyung hit a two-run double off Samsung closer Oh Seung-hwan to set the stage for the game-winning run. It was Moon’s first hit in 915 days against Seung-hwan Oh.
LG scored the winning run in the bottom of the ninth inning to win 4-3 against Samsung at Jamsil Stadium in Seoul on Saturday.
Trailing 2-3 in the bottom of the eighth inning, 바카라사이트 Hong Chang-ki hit a tying solo home run off Kim Ja",<urn:uuid:b2016292-f64d-481c-9d8d-0ede15b936b7>,CC-MAIN-2025-26,https://sportsblog.one/index.php/2024/03/27/lg-twins-of-baseball-scored-a-dramatic-come-from-behind-victory/,2025-06-19T00:18:45Z,s3://commoncrawl/crawl-data/CC-MAIN-2025-26/segments/1749709481498.53/warc/CC-MAIN-20250618230507-20250619020507-00968.warc.gz,en,0.9738385677337646,759
"Enviroment inquiry: inquiring about that too John Cowan 17 May 2013 18:11 UTC
Is everyone happy with this SRFI as well?
In particular, if anyone knows how to emulate uname() on Windows, I
could add that information. Of course, Cygwin knows how, but I don't
much feel like digging through the Cygwin sources to find out.
An observable characteristic is not necessarily John Cowan
a functional requirement. --John Hudson email@example.com",<urn:uuid:7e125c72-273d-4185-994f-21316e98123a>,CC-MAIN-2025-26,https://srfi-email.schemers.org/srfi-112/msg/2780675/,2025-06-19T01:03:10Z,s3://commoncrawl/crawl-data/CC-MAIN-2025-26/segments/1749709481498.53/warc/CC-MAIN-20250618230507-20250619020507-00968.warc.gz,en,0.9181978106498718,106
"- About Us
- Industries We Serve
- Contact Us
In the boardrooms where strategic visions are translated into actionable blueprints, the CFO is not merely a financial overseer but a pivotal architect of long-term corporate destiny. The burgeoning economies of South Asia, spearheaded by India’s meteoric rise, present a canvas ripe with commercial potential. For companies aspiring to capitalize on this growth, India does not just offer a market; it is a horizon of opportunity. Yet, tapping into this",<urn:uuid:62d5290c-6a22-4fd1-8d1f-76a4e35782c1>,CC-MAIN-2025-26,https://srkay.com/strategic-financial-foresight-leveraging-gccs-for-market-expansion-in-india/,2025-06-18T23:59:45Z,s3://commoncrawl/crawl-data/CC-MAIN-2025-26/segments/1749709481498.53/warc/CC-MAIN-20250618230507-20250619020507-00968.warc.gz,en,0.9282402396202087,1340
"Major overhaul of the hospital bulding letter B. for placement of the outpatient and consultive department.
“StroiReanimatsiya” corporate group acted as the general contractor for the design and construction of a new outpatient and consulting department on the basis of City Hospital №15.
The outpatient and consultative department is a specialized medical and consultative institution that provides medical medical thersprutic and diagnostic assistance in outpatient consultation to the adult popula",<urn:uuid:38c2a565-2e88-40f8-b07f-b6db1ae5d46a>,CC-MAIN-2025-26,https://srmed.ru/en/sbihc-city-hospital-15,2025-06-19T00:58:55Z,s3://commoncrawl/crawl-data/CC-MAIN-2025-26/segments/1749709481498.53/warc/CC-MAIN-20250618230507-20250619020507-00968.warc.gz,en,0.9468886852264404,507
"© 2014 Scriptural Study Groups. All Rights Reserved.
Even those with little or no knowledge of God’s Word can tell you who Daniel was—he was the guy who the lions didn’t eat. Sadly, this is about as much as most Christians can tell you about Daniel. He was cast into a den of lions (some even know why) and “God did shut the lions’ mouths so they could not harm him.”
However, there is much more to the man Daniel than this one isolated, though miraculous, incident in his life. Consider his many “up",<urn:uuid:ff36637b-9fb4-401a-b16d-77ac53312498>,CC-MAIN-2025-26,https://ssg.church/past-articles/fainting-enduring-prospering/,2025-06-19T00:43:36Z,s3://commoncrawl/crawl-data/CC-MAIN-2025-26/segments/1749709481498.53/warc/CC-MAIN-20250618230507-20250619020507-00968.warc.gz,en,0.9804733991622925,1611
"HELOCs: beware of borrowing yourself into a never-ending balance
(Reading time: 3:05)
The road to HELOCs (Home Equity Lines of Credit) is paved with good intentions.
After all, it’s easy access to credit, often at far lower interest rates than credit cards and other types of loans. Plus when used responsibly, a HELOC can provide the funds you need when life throws you an unexpected and very expensive curveball (leaky roof, appliance/car breaks down, etc.).
But having that kind of borrowing power",<urn:uuid:19daa49d-3b01-448c-8abd-52ceb8f69391>,CC-MAIN-2025-26,https://staging.educatorsfinancialgroup.ca/learning-centre/heloc-beware-never-ending-balance/,2025-06-19T00:29:34Z,s3://commoncrawl/crawl-data/CC-MAIN-2025-26/segments/1749709481498.53/warc/CC-MAIN-20250618230507-20250619020507-00968.warc.gz,en,0.9441277384757996,920
"We are an active community of believers on the West Side of Manchester.
To build on our assets to be the body of Christ in our neighborhood.
Support Groups in the Manchester Area
Living Our Beliefs
From our diocese website
Hello & Welcome
Worshiping God ~ Serving Our Community
We are a small vibrant community in the Episcopal Church of New Hampshire.
Located in New Hampshire’s largest city, Manchester, we are situated between Manchester West High School and Manchester West Library and the Willia",<urn:uuid:69f92ecb-b238-49fc-bf19-5f4be673e0f1>,CC-MAIN-2025-26,https://standrewsmanchester.org/,2025-06-19T00:43:37Z,s3://commoncrawl/crawl-data/CC-MAIN-2025-26/segments/1749709481498.53/warc/CC-MAIN-20250618230507-20250619020507-00968.warc.gz,en,0.9271458983421326,288
"Coffee is an essential part of many people’s morning routines. The rich aroma and robust flavors energize us for the day ahead. Among the various methods of brewing coffee, the Bodum French Press stands out for its simplicity and ability to extract aromatic oils from coffee grounds. This guide will delve deep into how to use a Bodum French Press Coffee Maker, ensuring you get the perfect cup every time.
What is a Bodum French Press?
The Bodum French Press, also known as a press pot or plunger po",<urn:uuid:408cc485-a80d-4b58-8387-38dc2e7049ca>,CC-MAIN-2025-26,https://starterskitchen.com/how-to-use-a-bodum-french-press-coffee-maker/,2025-06-18T23:29:16Z,s3://commoncrawl/crawl-data/CC-MAIN-2025-26/segments/1749709481498.53/warc/CC-MAIN-20250618230507-20250619020507-00968.warc.gz,en,0.9244820475578308,2339
"Coffee; it’s more than just a beverage; it’s a ritual for millions around the globe. Whether it’s your early morning cup or an afternoon pick-me-up, the right coffee maker is crucial to crafting that perfect brew. However, with numerous types of coffee makers available, choosing the one that makes the best coffee can be a daunting task. In this guide, we will explore various coffee maker types and determine which one truly stands out for brewing the best coffee.
Understanding Your Coffee Prefere",<urn:uuid:b34af90c-14cd-4c40-8999-88d4730f1c1e>,CC-MAIN-2025-26,https://starterskitchen.com/what-type-of-coffee-maker-makes-the-best-coffee/,2025-06-19T01:02:15Z,s3://commoncrawl/crawl-data/CC-MAIN-2025-26/segments/1749709481498.53/warc/CC-MAIN-20250618230507-20250619020507-00968.warc.gz,en,0.9187461733818054,2617
"It’s a balmy beachy evening, the kind that reminds you of those old-fashioned holidays when you were young. You remember the type. When mum miraculously tossed out the rule book about being home by the time the sun conceded to another sultry summer day. Instead, she allowed you to frolic by the ocean with your mates. Mind you, not too late, just enough time to allow you to squeeze that last bit of oozy goodness out of your day, before crawling into your summer sheets, sandy feet and all. Reading",<urn:uuid:2f3dbab3-6f08-496a-9ff9-fd31f26d2936>,CC-MAIN-2025-26,https://startsat60.com/media/travel/the-quintessential-queensland-holiday-which-has-been-hatched-by-nature?fbclid=IwAR0FsbLfReqmOMJh0kib_fKJGDQm_G15EDgX_50vM8NPWVXhs0sbvYpF6KU,2025-06-19T00:46:32Z,s3://commoncrawl/crawl-data/CC-MAIN-2025-26/segments/1749709481498.53/warc/CC-MAIN-20250618230507-20250619020507-00968.warc.gz,en,0.9544309377670288,935
"Theories play several crucial roles in the development of scientific knowledge. Some of these include providing patterns for data interpretation, linking the results of related studies together, providing frameworks for the study of concepts, and allowing the interpretation of more general meanings from any single set of findings. Hoover and Todd (2004) provide a very useful discussion of the role of theories in scientific thinking"" – find it and read it!
The Role of Theory in Social Science
Ada",<urn:uuid:b78bdbca-24e4-4bc1-a221-9308cf9a12d5>,CC-MAIN-2025-26,https://stats.libretexts.org/Bookshelves/Applied_Statistics/Book%3A_Quantitative_Research_Methods_for_Political_Science_Public_Policy_and_Public_Administration_(Jenkins-Smith_et_al.)/01%3A_Theories_and_Social_Science/1.04%3A_1.4_Theory_in_Social_Science,2025-06-18T23:15:44Z,s3://commoncrawl/crawl-data/CC-MAIN-2025-26/segments/1749709481498.53/warc/CC-MAIN-20250618230507-20250619020507-00968.warc.gz,en,0.9038369059562683,194
"There is an awful lot of chatter in the local and national media about the quarterback competition in Pittsburgh. Russell Wilson is three years removed from his best football at this point, and at 35 years old, many would like to see the Steelers roll the dice on Justin Fields with better long-term upside for the franchise.
Steelers insider Ray Fittipaldo was around the team a lot during spring practices and didn’t exactly offer a glowing endorsement of Fields entering training camp where offens",<urn:uuid:e89e01c7-89dd-403b-adc5-07dca07393d1>,CC-MAIN-2025-26,https://steelersdepot.com/2024/06/fittipaldo-the-knocks-against-justin-fields-turned-out-to-be-true-during-spring-practices/,2025-06-19T00:54:55Z,s3://commoncrawl/crawl-data/CC-MAIN-2025-26/segments/1749709481498.53/warc/CC-MAIN-20250618230507-20250619020507-00968.warc.gz,en,0.9898293018341064,565
"Heavenly Bamboo - Red Monday
This is Heavenly Bamboo, one of the plants in my front house garden. I like this plant especially during spring time when it is on its prime in producing magnificent green berries which ripen to red such as the ones shown above. These berries are very popular for the birds which help pollinate most of my garden plants.
My other posts
- Your Purpose-Driven Steem Life
- Steem is a Microcosm of a Capitalist Society
- Failing the First Rule of Investing
- The Peril of th",<urn:uuid:7e1156bd-95c7-45bf-b799-3a65a4d2576b>,CC-MAIN-2025-26,https://steemit.com/photography/@kapengbarako/heavenly-bamboo-red-monday,2025-06-19T01:30:59Z,s3://commoncrawl/crawl-data/CC-MAIN-2025-26/segments/1749709481498.53/warc/CC-MAIN-20250618230507-20250619020507-00968.warc.gz,en,0.920039713382721,130
"scroll down for more
Founded in 1924
Stoke Rochford Golf Club is a stunning parkland course situated in the historic grounds of the Stoke Rochford Estate yet conveniently located just off the northbound A1 to the south of the Lincolnshire market town of Grantham. The course was designed by Colonel Hotchkin, of Woodhall Spa fame, flows through spectacular countryside featuring several holes around & across the Cringle Brook as well as a host of flora and fauna.
Renowned for its year round playabi",<urn:uuid:e9ea35aa-f2b9-4a08-b978-61873141f661>,CC-MAIN-2025-26,https://stokerochfordgolfclub.co.uk/,2025-06-18T23:59:20Z,s3://commoncrawl/crawl-data/CC-MAIN-2025-26/segments/1749709481498.53/warc/CC-MAIN-20250618230507-20250619020507-00968.warc.gz,en,0.945715069770813,325
"Writing about the Manley Report in her column in the Toronto Star, Linda McQuaig quotes a pair of law scholars who outline the illegality of the Afghan war. She also has some insightful comments about the report itself. Excerpt:
[American law professor and frequent CounterPunch contributor Francis] Boyle says that the invasions of Iraq and Afghanistan were both illegal under international law, in that neither received Security Council approval.We've blogged recently about the illegality of the w",<urn:uuid:b414b4e3-3ea3-4b33-b152-b95948ea4fc5>,CC-MAIN-2025-26,https://stopwarblog.blogspot.com/2008/02/two-star-columnists-shout-down-illegal.html,2025-06-19T00:04:26Z,s3://commoncrawl/crawl-data/CC-MAIN-2025-26/segments/1749709481498.53/warc/CC-MAIN-20250618230507-20250619020507-00968.warc.gz,en,0.9616395831108093,965
"Removal Van Redbridge ig1
Removal Van Options from Storage Redbridge
Moving home or office can be a stressful experience, and not just in trying to find the perfect place. How do you get all your belongings transported? That’s where we come in. At Storage Redbridge, we provide removal van solutions for both commercial and private customers who need assistance moving items from A to B.
Our experienced team of movers will ensure your goods are swiftly transported with ease, securely and cost-effec",<urn:uuid:212fee24-2225-4de7-b135-d33ef928af6d>,CC-MAIN-2025-26,https://storageredbridge.co.uk/removal-van-redbridge-ig1/,2025-06-19T00:35:45Z,s3://commoncrawl/crawl-data/CC-MAIN-2025-26/segments/1749709481498.53/warc/CC-MAIN-20250618230507-20250619020507-00968.warc.gz,en,0.9478484392166138,399
"Due to its ambitious design and ambitious prices, few upcoming Vancouver real estate developments have been more associated with luxury as CURV has, so much so that it has overshadowed the fact that CURV was also set to include both rental housing and social housing.
Set for 1075 Nelson Street (formerly 1059-1075 Nelson Street) in the West End of Vancouver, near Thurlow Street, the 60-storey CURV was originally proposed to consist of 328 strata units, 50 market rental units, and 102 social housi",<urn:uuid:c3e42833-bd31-4e85-8435-1027152752b6>,CC-MAIN-2025-26,https://storeys.com/brivia-group-curv-vancouver-social-housing/,2025-06-19T01:22:38Z,s3://commoncrawl/crawl-data/CC-MAIN-2025-26/segments/1749709481498.53/warc/CC-MAIN-20250618230507-20250619020507-00968.warc.gz,en,0.9724608063697815,1458
"Brands Get Enhanced Metrics to Measure Against Data Compliance
Does the world need another set of data compliance metrics for programmatic media campaigns?
The two firms are partnering on a set of data compliance metrics for programmatic media campaigns meant to address the need for new standards in traditional metrics for brand safety, viewability, and performance.
Advertisers using Peer39’s pre-bid contextual solutions will now get access to Compliant’s data compliance metric — opening the doo",<urn:uuid:308904b5-fb10-4376-a7c9-8fba9a43d71e>,CC-MAIN-2025-26,https://streetfightmag.com/2023/09/28/brands-get-enhanced-metrics-to-measure-against-data-compliance/,2025-06-19T01:05:15Z,s3://commoncrawl/crawl-data/CC-MAIN-2025-26/segments/1749709481498.53/warc/CC-MAIN-20250618230507-20250619020507-00968.warc.gz,en,0.9360698461532593,695
"With the recent ruling that has “declared poker a game of skill,” there’s been lots of talk about luck and poker. In the short term, luck can play a small role in determining the outcome of a poker hand. But in the long term, skill plays a huge role in determining the outcome of a career because skilled players can put themselves in a position to win more often and take advantage of lucky moments when they happen.
Skilled players in any arena – like professional golfers, football players or ches",<urn:uuid:abfb65b6-a3bf-4fbd-8b63-20139a6bd341>,CC-MAIN-2025-26,http://www.instapokerpro.com/blog/?p=213,2025-06-21T08:20:29Z,s3://commoncrawl/crawl-data/CC-MAIN-2025-26/segments/1749709481659.20/warc/CC-MAIN-20250621065449-20250621095449-00968.warc.gz,en,0.9580670595169067,382
"Torn ACL for Devin Smith
The New York Jets drafted multiple wide receivers in the recently completed NFL Draft. They selected ArDarius Stewart from Alabama in the 3rd round and Chad Hansen from Cal in the 4th round. With a roster consisting of Eric Decker, Quincy Enunwa, Robby Anderson, Devin Smith, Charone Peake and Kalin Marshall it seemed strange to add two more players in the mix.
The strategy made more sense after Mike Maccagnan told the media that Devin Smith recently tore his ACL.
GM Mike",<urn:uuid:2142695f-2561-4913-bcb2-dfb1fa685877>,CC-MAIN-2025-26,http://www.jetnation.com/2017/04/29/torn-acl-for-devin-smith/,2025-06-21T08:17:01Z,s3://commoncrawl/crawl-data/CC-MAIN-2025-26/segments/1749709481659.20/warc/CC-MAIN-20250621065449-20250621095449-00968.warc.gz,en,0.9433253407478333,274
"Scale of the Solar System Trail
The Scale of the Trail As you walk the trail, you are walking from the Sun through the orbits of the planets, as if walking out from the centre through the rings of an onion. In reality the planets are never aligned in a line as they are on the trail. The position of each planet represents a point on its orbit around the Sun. For example, the walk from Earth to Mars may seem short on the trail but in reality Mars could be on the other side of the Sun as it makes i",<urn:uuid:c65ea4b3-6796-42e1-8d21-4895cc4fd320>,CC-MAIN-2025-26,http://www.kilcolganetns.com/solar-trail-scale.html,2025-06-21T07:17:20Z,s3://commoncrawl/crawl-data/CC-MAIN-2025-26/segments/1749709481659.20/warc/CC-MAIN-20250621065449-20250621095449-00968.warc.gz,en,0.9652581810951233,114
"117 F. 99
Appellant company challenged the judgment of the District Court of the United States for the Northern District of California, in a case where libelants, fishermen, brought suit against appellant, alleging that appellant had contracted to pay them higher wages.
OVERVIEW: Libelants, fishermen, contracted with appellant company to sail from San Francisco to Alaska and work for appellant during the fishing season. When the ship arrived in Alaska, libelants demanded higher wages than were p",<urn:uuid:4380c05d-8d8a-4a4a-bef7-eccc1334fc48>,CC-MAIN-2025-26,http://www.lawschoolcasebriefs.net/2013/03/alaska-packers-association-v-domenico.html,2025-06-21T07:17:46Z,s3://commoncrawl/crawl-data/CC-MAIN-2025-26/segments/1749709481659.20/warc/CC-MAIN-20250621065449-20250621095449-00968.warc.gz,en,0.9841479063034058,295
"Bed and Breakfast in Stirling Scotland
Stirling Bed and Breakfast accommodation, B&B, guest houses
With home information, prices, accommodation details, extra information and listings of services, for every single home. Contact information come to be able to check always access and then make your booking direct with your plumped for Stirling bed and morning meal or stirling visitor home.
Find a very good accommodation in Stirling area, for a household holiday, a brief break or a vacation in Stir",<urn:uuid:9fcf7ec5-b7fd-41b1-97fe-67c38543cca3>,CC-MAIN-2025-26,http://www.mackielodge.com/BedAndBreakfast/bed-and-breakfast-in-stirling-scotland,2025-06-21T07:00:07Z,s3://commoncrawl/crawl-data/CC-MAIN-2025-26/segments/1749709481659.20/warc/CC-MAIN-20250621065449-20250621095449-00968.warc.gz,en,0.90697181224823,1172
"The Sony AF Extension Tube Set can transform your Lens into a Macro Lens. It moves the lens from the film or digital sensor. The closer the focus is, the greater the magnification. The extension tube does not affect image quality as there is no optics inside. In comparison, a close up filter is often blamed for degrading the quality of image.
This tube set contains three piece tubes of different length -- 13mm, 20mm, and 36 mm -- which can be used individually or in any combination to obtain the",<urn:uuid:aa43eab1-669f-4301-9971-01ef3b3fd117>,CC-MAIN-2025-26,http://www.meikestore.com/product/meike-mk-s-af-a-metal-auto-focus-af-macro-extension-tube-set-for-sony-camera/1223.html,2025-06-21T07:21:47Z,s3://commoncrawl/crawl-data/CC-MAIN-2025-26/segments/1749709481659.20/warc/CC-MAIN-20250621065449-20250621095449-00968.warc.gz,en,0.9108253121376038,202
"Attention all friends!! If you think I should do a TED talk, please go to: https://www.ted.com/nominate/speaker :)
This is something that could very well change my life and give me the opportunity to get out there and make a difference! Please fill in the page with all info and keep ur fingers crossed! Please share this and or tell a friend. The more help, the better the chance!!
Help make my dreams come true :)",<urn:uuid:860aba80-ac69-4595-93cb-4be479508c59>,CC-MAIN-2025-26,http://www.mikeywheels.com/2014/07/ted-talk.html,2025-06-21T07:28:48Z,s3://commoncrawl/crawl-data/CC-MAIN-2025-26/segments/1749709481659.20/warc/CC-MAIN-20250621065449-20250621095449-00968.warc.gz,en,0.8661733269691467,98
"Dennis Longstaff from Bellingham, WA United States
I called and talked to their customer service before ordering this block and they were very professional. They gave me an expected timeframe for machining and delivery and everything ended up close to the times they gave me, which doesn’t seem to be the norm when ordering goods online anymore. Once I got a tracking number, the carrier sent emails when it was going out for delivery. They delivered it on the day they said it would be. Have not had",<urn:uuid:b303d3f6-2c20-4a6d-a539-12c20f7327c2>,CC-MAIN-2025-26,http://www.modmaxracing.com/product-p/99825054r.htm,2025-06-21T08:04:01Z,s3://commoncrawl/crawl-data/CC-MAIN-2025-26/segments/1749709481659.20/warc/CC-MAIN-20250621065449-20250621095449-00968.warc.gz,en,0.9837901592254639,158
"Tytlers Cycle Racing’s Cameron Beaubier had a difficult season last year, missing races due to injury, yet still clawing his way back to finish second in the 2024 MotoAmerica Superbike Championship. This year, the five-time MotoAmerica Superbike Champion is hoping for more, and it’s a case of “so far, so good” as Beaubier won the opening race of the series at Barber Motorsports Park on Saturday.
But it was far from easy. The race was a Beaubier vs. Bobby Fong battle with Fong’s Attack Performanc",<urn:uuid:2108bfd3-691e-489c-af63-d74ae5bdc16d>,CC-MAIN-2025-26,http://www.motoamerica.com/beaubier-over-fong-in-superbike-battle-at-barber-motorsports-park/,2025-06-21T08:07:16Z,s3://commoncrawl/crawl-data/CC-MAIN-2025-26/segments/1749709481659.20/warc/CC-MAIN-20250621065449-20250621095449-00968.warc.gz,en,0.9793342351913452,1528
"We've hit a massive milestone this week and have started Peyton on proper food food. We've waved goodbye to the purees and said a big hello to proper solid solids.
I've touched on weaning before, but will quickly recap now.
We started giving Peyton pureed vegetable(s) at tea time around 18/19 weeks. She was showing all the signs of being ready and, when we gave them to her, she didn't gag or spit it out - so I knew she was game. We introduced porridge at breakfast time a week or so ago. By this ",<urn:uuid:5576fba7-6bfd-45f9-a849-a59a07fb987c>,CC-MAIN-2025-26,http://www.nataliekershaw.co.uk/2018/12/weaning.html,2025-06-21T07:09:48Z,s3://commoncrawl/crawl-data/CC-MAIN-2025-26/segments/1749709481659.20/warc/CC-MAIN-20250621065449-20250621095449-00968.warc.gz,en,0.992857813835144,3057
"The movie turns out to be a little better than the average. Starting from a romantic formula often seen in the cinema, it ends in the most predictable (and somewhat bland) way.
Easily the biggest piece of Right wing non sense propaganda I ever saw.
Great story, amazing characters, superb action, enthralling cinematography. Yes, this is something I am glad I spent money on.
The movie really just wants to entertain people.
Joe and Caspar tried to transfer their Youtube personalities and style to t",<urn:uuid:8fa8304d-1c56-4c87-ac1f-9f2ee7344bb0>,CC-MAIN-2025-26,http://www.owntitle.com/film/watch-joe-caspar-hit-the-road-online-vid-212121.html,2025-06-21T07:38:36Z,s3://commoncrawl/crawl-data/CC-MAIN-2025-26/segments/1749709481659.20/warc/CC-MAIN-20250621065449-20250621095449-00968.warc.gz,en,0.985275149345398,681
"The алексей фон лампе военный агент барона врангеля constrains other for any continuity of new 3Adults and any opinion of Geometry. actually, the account of a essential promising computing is had to see evolutionary for the quantum of Hebrew generations and items, under unit with necessary cures with holographic complete watch. time; Yannis Kominis; book; new; commission; Mechanical Engineering, music; Applied Mathematics, owner; Solitons, book; Numerical Analysis and Computational MathematicsSt",<urn:uuid:5a463abd-d456-4f70-b015-d0189f3e85dc>,CC-MAIN-2025-26,http://www.passmore.org/webstats/daily/pdf.php?q=%D0%B0%D0%BB%D0%B5%D0%BA%D1%81%D0%B5%D0%B9-%D1%84%D0%BE%D0%BD-%D0%BB%D0%B0%D0%BC%D0%BF%D0%B5-%D0%B2%D0%BE%D0%B5%D0%BD%D0%BD%D1%8B%D0%B9-%D0%B0%D0%B3%D0%B5%D0%BD%D1%82-%D0%B1%D0%B0%D1%80%D0%BE%D0%BD%D0%B0-%D0%B2%D1%80%D0%B0%D0%BD%D0%B3%D0%B5%D0%BB%D1%8F-%D0%B2-%D0%B2%D0%B5%D0%BD%D0%B3%D1%80%D0%B8%D0%B8-%D1%81%D0%B1%D0%BE%D1%80%D0%BD%D0%B8%D0%BA-%D0%B4%D0%BE%D0%BA%D1%83%D0%BC%D0%B5%D0%BD%D1%82%D0%BE%D0%B2-2012.html,2025-06-21T08:17:39Z,s3://commoncrawl/crawl-data/CC-MAIN-2025-26/segments/1749709481659.20/warc/CC-MAIN-20250621065449-20250621095449-00968.warc.gz,en,0.8493173122406006,1254
"New entry ramp posters this season at McCoy. Get a load of Ellsbury, Masterson, Kelly Shoppach, and Jed Lowrie. I wish they were done in the original McCoy style, all amateurish and weird looking.
Forgot to mention that Wilkerson's in town and dined with all of us scumbags at the luncheon yest. Zink and Lars A. were not in the house, because they were conspiring to scramble the alphabet.",<urn:uuid:fd1d859e-b258-4263-a8c1-8e0b7635118b>,CC-MAIN-2025-26,http://www.pawsoxheavy.com/2009/04/new-murals.html,2025-06-21T08:15:03Z,s3://commoncrawl/crawl-data/CC-MAIN-2025-26/segments/1749709481659.20/warc/CC-MAIN-20250621065449-20250621095449-00968.warc.gz,en,0.9751046299934387,98
"The late, great film critic Roger Ebert argued in April 2010 that games could never be art on the level of the great poets, composers, and filmmakers, a position he modified a few months later after nearly 4,500 comments convinced him he hadn't played enough games to have an informed opinion. I suspect he was showing his age a little: it's always easy to dismiss the new medium you didn't grow up with In their time, as some of Ebert's commenters argued, movies had to prove their quality, too - an",<urn:uuid:a773447b-2abb-4f03-8c85-4d73cd57b512>,CC-MAIN-2025-26,http://www.pelicancrossing.net/netwars/2016/09/new_masters.html,2025-06-21T07:39:04Z,s3://commoncrawl/crawl-data/CC-MAIN-2025-26/segments/1749709481659.20/warc/CC-MAIN-20250621065449-20250621095449-00968.warc.gz,en,0.977686882019043,1141
"Buttonhole Cutter Set
The sharp blades with sturdy handles allow you the best control when cutting buttonholes. Includes straight cutter, keyhole cutter, and a 2"" square mini mat.
Your Dynamic Snippet will be displayed here...
This message is displayed because youy did not provide both a filter and a template to use.",<urn:uuid:7cb52be4-2e76-4818-9a8b-f68a0d713ec4>,CC-MAIN-2025-26,http://www.rae-bon.com/shop/bhck2-buttonhole-cutter-set-1564,2025-06-21T08:12:51Z,s3://commoncrawl/crawl-data/CC-MAIN-2025-26/segments/1749709481659.20/warc/CC-MAIN-20250621065449-20250621095449-00968.warc.gz,en,0.7294769287109375,68
"Sony a9 at B&H
I've been heads down working and not paying too much to the new gear coming out recently. I guess that's a testimony to how much I've loved my Canon 1D X Mark II, but wild claims about the Sony a9 caught my attention so I just started testing it last night.
Ok Sony, you now have my attention.
I'll do a real review later, but I thought I'd toss a couple images up taken from my first and only 20 minutes using this camera with the 24-70mm kit lens which you know I don't care for much",<urn:uuid:f8196854-3498-4d44-918d-9c011c63fd40>,CC-MAIN-2025-26,http://www.ronmartblog.com/2017/07/,2025-06-21T08:12:41Z,s3://commoncrawl/crawl-data/CC-MAIN-2025-26/segments/1749709481659.20/warc/CC-MAIN-20250621065449-20250621095449-00968.warc.gz,en,0.952703058719635,628
"Aug 8, 2018 9:25 AM
My Polycarp Movie Diary, Day 16*
Thursday, August 8, 2013 - As part of the preparation for playing Polycarp I did my own research into that ancient Christian’s writings, translating his Epistle to the Philippians for myself and examining it verse by verse. (I’m not bragging - it’s just what I did.) I wanted to understand not just what he said, but how he thought, and why he strung his scripture-saturated ideas together the way he did. If that study was ever valuable, it certa",<urn:uuid:1f3bbe0e-af8c-47e5-8f94-88c2d117f80c>,CC-MAIN-2025-26,http://www.seriouschristian.org/Serious-Christian-Blog/Entries/2018/8/when-things-get-heated.html,2025-06-21T07:47:31Z,s3://commoncrawl/crawl-data/CC-MAIN-2025-26/segments/1749709481659.20/warc/CC-MAIN-20250621065449-20250621095449-00968.warc.gz,en,0.9811786413192749,1025
"This Essentrics® Release, Restore and Rebalance workout is designed to liberate a tight spine, shoulders and hips; restore balance and range of motion; and rebalance your 650 muscles. It is done at a slow pace making it ideal for beginners and restorative for athletes. Key features of this workout:
- Gentle, Full-Body Stretch & Strengthening
- Alleviate Joint Stiffness and Pain
- Improve Posture
- Increase Energy
- Strengthen Bones
- Readjust Fascia
Weakness or tightness can lead to injury and p",<urn:uuid:cfa76d95-ff88-4421-9b8d-800c150d6c98>,CC-MAIN-2025-26,http://www.spiralupworkout.com/essentrics-release-rebalance-restore/,2025-06-21T07:06:27Z,s3://commoncrawl/crawl-data/CC-MAIN-2025-26/segments/1749709481659.20/warc/CC-MAIN-20250621065449-20250621095449-00968.warc.gz,en,0.9291377663612366,261
"Letters to the Editor
Dreams and Visions
Last night I had a very interesting multi-dimensional dream. This was one of my more vivid dreams, almost like a vision. It starts off with myself with a group of people walking up a road to the top of a hill. We were just discussing random topics during the walk, so I had no clue what was about to happen. When we got to the top, everyone was just standing around and then suddenly the energy felt very different, very paranormal, and one of the little kids",<urn:uuid:eafe8be6-a942-4fc6-9e51-b41ea2870009>,CC-MAIN-2025-26,http://www.stankovuniversallaw.com/2013/06/personal-opinions-june-30-2013/,2025-06-21T08:38:22Z,s3://commoncrawl/crawl-data/CC-MAIN-2025-26/segments/1749709481659.20/warc/CC-MAIN-20250621065449-20250621095449-00968.warc.gz,en,0.974619448184967,4418
"Life as a serial expat, addicted traveller, desperate adventurer, wannabe sailor and passionate aidworker
Tine, the girls and our five months' old French bulldog pup ""Mr.H"" came over to Rome for a week. Thursday I took a day off and we visited the ruins of Pompei near Naples.
Post a Comment
To avoid spamming and profanity, comments will only show up after I (manually) clear them.
© Blogger template The Business Templates by Ourblogtemplates.com 2008
Back to TOP",<urn:uuid:5281a784-8e26-49a4-b386-5af3da8b3a9a>,CC-MAIN-2025-26,http://www.theroadtothehorizon.org/2009/02/day-off-to-pompei.html,2025-06-21T08:22:43Z,s3://commoncrawl/crawl-data/CC-MAIN-2025-26/segments/1749709481659.20/warc/CC-MAIN-20250621065449-20250621095449-00968.warc.gz,en,0.9123517274856567,115
"IMPETIGORE begins with a creepy, and in some ways funny sequence as a Maya, a young woman who works a toll taker complaining to a friend about a creepy man in a creepy car who keeps going by her. As they talk he comes by again- then he notices that he stopped just down the road and is walking back carrying a huge machete. She runs. He chases, saying he has to stop the curse her family left his village with. It is an attention grabber of the right sort and makes you want to follow the film wherev",<urn:uuid:1435c4ed-e539-4a0f-86c7-d5b42184973f>,CC-MAIN-2025-26,http://www.unseenfilms.net/2020/01/impetigore-2019-aka-perempuan-tanah.html,2025-06-21T07:05:21Z,s3://commoncrawl/crawl-data/CC-MAIN-2025-26/segments/1749709481659.20/warc/CC-MAIN-20250621065449-20250621095449-00968.warc.gz,en,0.9699151515960693,576
"Defensively this is prime any shit manager we have had in the last 20 years, absolutely abysmal so far.
Two absolutely atrocious goals to give away, Longstaff sadly played a part in all 4 goals so far.
The crowd need a special mention for how shit they are as well. Sounds like The Etihad, not St. James'.
I thought Villa might prove a turning point for the midfield, the lines were so much closer, we were aggressive in closing down space. Fast forward a few days and the midfield is back to the usu",<urn:uuid:c94a5385-dcf2-48b6-aafc-0e4e03a746c0>,CC-MAIN-2025-26,http://www.utd111.co.uk/forum/showthread.php?tid=12187&page=2,2025-06-21T08:33:48Z,s3://commoncrawl/crawl-data/CC-MAIN-2025-26/segments/1749709481659.20/warc/CC-MAIN-20250621065449-20250621095449-00968.warc.gz,en,0.9823861122131348,566
"That’s a question I saw on twitter, and I thought it’d be fun for us to discuss that here. Off the top of my head, here’s my list:
1. Larry Bird. He may not have had major injuries, but I just wonder how much better he would have been if he were completely healthy, especially in the latter part of his career.
2. Bo Jackson. I would have liked to have seen how far he could have gone.
3. Bill Walton. Had he been totally healthy, there would have been some epic battles with Kareem, Moses, Parrish/M",<urn:uuid:41a1b165-28ec-456e-b734-4a59c92feda0>,CC-MAIN-2025-26,http://www.village-idiots.org/2018/01/29/if-you-could-give-any-athlete-a-clean-bill-of-health-who-would-it-be-and-why/,2025-06-21T07:21:56Z,s3://commoncrawl/crawl-data/CC-MAIN-2025-26/segments/1749709481659.20/warc/CC-MAIN-20250621065449-20250621095449-00968.warc.gz,en,0.9898273348808289,159
"YaRock is a new QT4 music player designed to provide a nice overview of your music by allowing you to browse your music collection based on the album cover art. Thanks to its multiple views: album, artist, track, genre or folder view, you can easily find an artist or album even with a large music collection (and if that's not enough, you can always use the built-in search). Depending on the view you're using, you can drag a whole album or just some tracks to the playlist on the right.
YaRock can",<urn:uuid:96c43cad-a531-49de-8afa-60442245ef1f>,CC-MAIN-2025-26,http://www.webupd8.org/2010/10/yarock-music-player-designed-for.html,2025-06-21T07:24:18Z,s3://commoncrawl/crawl-data/CC-MAIN-2025-26/segments/1749709481659.20/warc/CC-MAIN-20250621065449-20250621095449-00968.warc.gz,en,0.9255432486534119,495
"Last summer’s horrific crash near Fort Totten revealed a colloquial term for the emergency brake aboard all trains: the Mushroom. Named for its shape, the Mushroom engages the emergency brakes and brings the train to an immediate halt. Yesterday, Metro reported an incident involving the emergency brakes being engaged on a Red Line train at Forest Glen as it approached the Station. No one was injured, but it’s concerning to hear that so long after last summer’s crash, that perhaps the system’s tr",<urn:uuid:dd27dd5c-a155-4819-be06-74397be90b3c>,CC-MAIN-2025-26,http://www.welovedc.com/2010/05/06/metro-reports-incident-involving-emergency-brake/,2025-06-21T08:15:17Z,s3://commoncrawl/crawl-data/CC-MAIN-2025-26/segments/1749709481659.20/warc/CC-MAIN-20250621065449-20250621095449-00968.warc.gz,en,0.9785737991333008,242
"Top Sex Apps – 17 for no strings attached hook ups and Fuckual wellness Local Adult Hookup
It may seem that all singles are crazy about finding a relationship, but surprisingly, more than half of them are looking for platforms of a particular kind – hookup sites. Why? They want to have a one night stand with a hot lady or a guy and that’s where free hookup sites come in handy.
Keep It Local With Your Friends With Benefits
There are tons of casual hookup sites and lots of them cannot brag about t",<urn:uuid:a06230ad-8328-49f8-856e-1396aa91112e>,CC-MAIN-2025-26,http://www2.radhost.cz/2021/12/24/top-sex-apps-17-for-no-strings-attached-hook-ups-and-fuckual-wellness-local-adult-hookup/,2025-06-21T08:10:53Z,s3://commoncrawl/crawl-data/CC-MAIN-2025-26/segments/1749709481659.20/warc/CC-MAIN-20250621065449-20250621095449-00968.warc.gz,en,0.9521916508674622,2296
"This shirt is super soft and cozy, quickly becoming my new favorite to wear!
Love the design of the shirt, it’s unique and eye-catching.
The shirt quality is amazing I would order again
This shirt works well for both casual and semi-formal occasions, a versatile addition to my wardrobe.
I’m thoroughly impressed with this item. It’s high quality and has exceeded my expectations.
This shirt is so comfy and looks great with anything I pair it with.
Just started using it and already love it, will de",<urn:uuid:539cb9e4-36e1-4ca1-9162-df829e20b0ac>,CC-MAIN-2025-26,https://100gecsmerch.com/product/100-gecs-s-ecret-tour-classic-t-shirt,2025-06-21T08:24:26Z,s3://commoncrawl/crawl-data/CC-MAIN-2025-26/segments/1749709481659.20/warc/CC-MAIN-20250621065449-20250621095449-00968.warc.gz,en,0.9659630656242371,146
"EKbet Online Casino & Cricket Betting Review 2024
The world of online casinos in India is flourishing. It offers a plethora of options for players seeking thrills and entertainment. Among these platforms, EKbet online casino has carved a niche for itself. The platform attracts users with its diverse game selection, lucrative bonuses, and emphasis on responsible gambling. This article delves into the core aspects of EKbet online casino, providing a clear picture for potential players in India.
EK",<urn:uuid:2df49e0e-5a17-4fda-aa03-3b798b0f2dc1>,CC-MAIN-2025-26,https://11ic.net/ekbet-online-casino/,2025-06-21T08:05:47Z,s3://commoncrawl/crawl-data/CC-MAIN-2025-26/segments/1749709481659.20/warc/CC-MAIN-20250621065449-20250621095449-00968.warc.gz,en,0.8874295353889465,2223
"The Triumph Mobility Escape Mini Rollator is the ultimate solution for those seeking a compact, lightweight, and highly functional mobility aid. This small rollator walker is designed to provide superior comfort and ease of use, making it ideal for daily activities and travel.
Compact and Convenient Design
The Escape Mini folds easily and stands upright when folded, making it simple to store in tight spaces or lift into the trunk of a car. Its lightweight aluminum frame ensures easy handling and",<urn:uuid:e4bd07e3-2d14-40f4-a2fe-89b92d47d577>,CC-MAIN-2025-26,https://1800mobility.com/product/triumph-escape-mini-rollator-with-breaks/,2025-06-21T08:46:01Z,s3://commoncrawl/crawl-data/CC-MAIN-2025-26/segments/1749709481659.20/warc/CC-MAIN-20250621065449-20250621095449-00968.warc.gz,en,0.8769200444221497,444
"Responsible Gambling at 1win South Africa
What Is Responsible Gambling?
Responsible gambling means maintaining control over your betting habits and ensuring that gambling remains a form of entertainment rather than a source of stress or harm. It involves understanding your limits, recognizing the risks, and knowing when to seek help.
Key aspects of responsible gambling include:
- Setting financial and time limits for gambling activities.
- Avoiding gambling under the influence of emotions or sub",<urn:uuid:f79cf694-2869-4882-ad9a-62335a9221f2>,CC-MAIN-2025-26,https://1winn.co.za/responsible-gaming/,2025-06-21T08:11:03Z,s3://commoncrawl/crawl-data/CC-MAIN-2025-26/segments/1749709481659.20/warc/CC-MAIN-20250621065449-20250621095449-00968.warc.gz,en,0.9178600311279297,1405
